model,config_name,config,aggregation,preprocessing,num_groups,group_sizes,local_radius,aggregation_name,scale_factor,mode,mode_internal,classifier,best_params,test_roc_auc,cv_roc_auc,overfitting_gap,feature_dim,convergence_ok,cv_stability,strategy
point_m2ae_encoder,C1A1v1,C1,A1,v1,"[512, 256, 64]","[16, 8, 8]","[0.32, 0.64, 1.28]",mean,1.0,Raw,raw_features,logistic,"{'C': 1.0, 'l1_ratio': 0.7}",0.6368676580729753,0.607429082334153,0.3656412189480087,384,False,0.024246212670575976,point_m2ae_ofc_30_configurations
point_m2ae_encoder,C1A1v1,C1,A1,v1,"[512, 256, 64]","[16, 8, 8]","[0.32, 0.64, 1.28]",mean,1.0,PCA 32D,pca_features,logistic,"{'C': 0.1, 'l1_ratio': 0.1}",0.5888021577769477,0.5628282688528927,0.15977213675794344,32,False,0.03873913249779951,point_m2ae_ofc_30_configurations
point_m2ae_encoder,C1A1v2,C1,A1,v2,"[512, 256, 64]","[16, 8, 8]","[0.32, 0.64, 1.28]",mean,1.25,Raw,raw_features,logistic,"{'C': 1.0, 'l1_ratio': 0.9}",0.5552717076785473,0.6005102329198794,0.3543763754096171,384,False,0.03022305481901868,point_m2ae_ofc_30_configurations
point_m2ae_encoder,C1A1v2,C1,A1,v2,"[512, 256, 64]","[16, 8, 8]","[0.32, 0.64, 1.28]",mean,1.25,PCA 32D,pca_features,logistic,"{'C': 1.0, 'l1_ratio': 0.9}",0.5474535718006477,0.5874353307061769,0.1517157368935621,32,False,0.02162356638611209,point_m2ae_ofc_30_configurations
point_m2ae_encoder,C1A1v3,C1,A1,v3,"[512, 256, 64]","[16, 8, 8]","[0.32, 0.64, 1.28]",mean,1.5,Raw,raw_features,logistic,"{'C': 0.1, 'l1_ratio': 0.0}",0.6151030649011738,0.5866513803715777,0.3177612701698973,384,False,0.036451093980185825,point_m2ae_ofc_30_configurations
point_m2ae_encoder,C1A1v3,C1,A1,v3,"[512, 256, 64]","[16, 8, 8]","[0.32, 0.64, 1.28]",mean,1.5,PCA 32D,pca_features,logistic,"{'C': 0.1, 'l1_ratio': 0.0}",0.5759284170849802,0.5671969186098202,0.15263902145697295,32,False,0.039972179620732594,point_m2ae_ofc_30_configurations
point_m2ae_encoder,C1A1v4,C1,A1,v4,"[512, 256, 64]","[16, 8, 8]","[0.32, 0.64, 1.28]",mean,1.75,Raw,raw_features,logistic,"{'C': 0.1, 'l1_ratio': 0.0}",0.6048155986013019,0.6034841161729068,0.3060821023562651,384,False,0.03960367209153723,point_m2ae_ofc_30_configurations
point_m2ae_encoder,C1A1v4,C1,A1,v4,"[512, 256, 64]","[16, 8, 8]","[0.32, 0.64, 1.28]",mean,1.75,PCA 32D,pca_features,logistic,"{'C': 1.0, 'l1_ratio': 0.3}",0.59306625823128,0.6028397710419345,0.14839388619408822,32,False,0.03445552673674585,point_m2ae_ofc_30_configurations
point_m2ae_encoder,C1A1v5,C1,A1,v5,"[512, 256, 64]","[16, 8, 8]","[0.32, 0.64, 1.28]",mean,2.0,Raw,raw_features,logistic,"{'C': 0.1, 'l1_ratio': 0.1}",0.6012464203539878,0.5790401901852389,0.2630759493202911,384,False,0.028481681805448248,point_m2ae_ofc_30_configurations
point_m2ae_encoder,C1A1v5,C1,A1,v5,"[512, 256, 64]","[16, 8, 8]","[0.32, 0.64, 1.28]",mean,2.0,PCA 32D,pca_features,logistic,"{'C': 0.1, 'l1_ratio': 0.0}",0.5766190175920385,0.5982939987657067,0.1437320692063847,32,False,0.030946281412174113,point_m2ae_ofc_30_configurations
point_m2ae_encoder,C1A2v1,C1,A2,v1,"[512, 256, 64]","[16, 8, 8]","[0.32, 0.64, 1.28]",mean_std_min_max,1.0,Raw,raw_features,logistic,"{'C': 0.1, 'l1_ratio': 0.9}",0.5945339825769386,0.6279010660440975,0.34351337734953835,1536,False,0.01724275976325408,point_m2ae_ofc_30_configurations
point_m2ae_encoder,C1A2v1,C1,A2,v1,"[512, 256, 64]","[16, 8, 8]","[0.32, 0.64, 1.28]",mean_std_min_max,1.0,PCA 32D,pca_features,logistic,"{'C': 0.1, 'l1_ratio': 0.8}",0.5762617616940396,0.6115591820821592,0.13093665716138003,32,False,0.03678672066617791,point_m2ae_ofc_30_configurations
point_m2ae_encoder,C1A2v2,C1,A2,v2,"[512, 256, 64]","[16, 8, 8]","[0.32, 0.64, 1.28]",mean_std_min_max,1.25,Raw,raw_features,logistic,"{'C': 0.001, 'l1_ratio': 0.0}",0.5577392236614919,0.6033447496126987,0.36602027169604634,1536,False,0.012505002596899817,point_m2ae_ofc_30_configurations
point_m2ae_encoder,C1A2v2,C1,A2,v2,"[512, 256, 64]","[16, 8, 8]","[0.32, 0.64, 1.28]",mean_std_min_max,1.25,PCA 32D,pca_features,logistic,"{'C': 0.1, 'l1_ratio': 1.0}",0.5575334237932432,0.5801834821886914,0.14379180423269333,32,False,0.035731060131532426,point_m2ae_ofc_30_configurations
point_m2ae_encoder,C1A2v3,C1,A2,v3,"[512, 256, 64]","[16, 8, 8]","[0.32, 0.64, 1.28]",mean_std_min_max,1.5,Raw,raw_features,logistic,"{'C': 0.1, 'l1_ratio': 1.0}",0.6205601093872485,0.5718126385317758,0.3539876413288413,1536,False,0.04497775651520697,point_m2ae_ofc_30_configurations
point_m2ae_encoder,C1A2v3,C1,A2,v3,"[512, 256, 64]","[16, 8, 8]","[0.32, 0.64, 1.28]",mean_std_min_max,1.5,PCA 32D,pca_features,logistic,"{'C': 0.1, 'l1_ratio': 1.0}",0.5897061116976607,0.5573114038156005,0.14446910000883906,32,False,0.022454633256580144,point_m2ae_ofc_30_configurations
point_m2ae_encoder,C1A2v4,C1,A2,v4,"[512, 256, 64]","[16, 8, 8]","[0.32, 0.64, 1.28]",mean_std_min_max,1.75,Raw,raw_features,logistic,"{'C': 0.001, 'l1_ratio': 0.0}",0.5385645059675589,0.5843463351030531,0.37699517130070526,1536,False,0.02369581444933106,point_m2ae_ofc_30_configurations
point_m2ae_encoder,C1A2v4,C1,A2,v4,"[512, 256, 64]","[16, 8, 8]","[0.32, 0.64, 1.28]",mean_std_min_max,1.75,PCA 32D,pca_features,logistic,"{'C': 0.01, 'l1_ratio': 0.0}",0.49806327492824826,0.5901107268144687,0.1559835592340757,32,False,0.01899705017726218,point_m2ae_ofc_30_configurations
point_m2ae_encoder,C1A2v5,C1,A2,v5,"[512, 256, 64]","[16, 8, 8]","[0.32, 0.64, 1.28]",mean_std_min_max,2.0,Raw,raw_features,logistic,"{'C': 0.001, 'l1_ratio': 0.0}",0.6016061854980823,0.5830031774259508,0.38391430620895406,1536,False,0.024665351406934766,point_m2ae_ofc_30_configurations
point_m2ae_encoder,C1A2v5,C1,A2,v5,"[512, 256, 64]","[16, 8, 8]","[0.32, 0.64, 1.28]",mean_std_min_max,2.0,PCA 32D,pca_features,logistic,"{'C': 0.01, 'l1_ratio': 0.2}",0.6267221269608647,0.5665704389950877,0.11763237310001384,32,False,0.02499966889532336,point_m2ae_ofc_30_configurations
point_m2ae_encoder,C1A3v1,C1,A3,v1,"[512, 256, 64]","[16, 8, 8]","[0.32, 0.64, 1.28]",multi_level,1.0,Raw,raw_features,logistic,"{'C': 1.0, 'l1_ratio': 0.8}",0.6306582149540902,0.6103319750444415,0.3599568741625039,576,False,0.024638975023397635,point_m2ae_ofc_30_configurations
point_m2ae_encoder,C1A3v1,C1,A3,v1,"[512, 256, 64]","[16, 8, 8]","[0.32, 0.64, 1.28]",multi_level,1.0,PCA 32D,pca_features,logistic,"{'C': 0.1, 'l1_ratio': 0.0}",0.5922592954068726,0.5689556274198118,0.15883048487906926,32,False,0.03642323896195625,point_m2ae_ofc_30_configurations
point_m2ae_encoder,C1A3v2,C1,A3,v2,"[512, 256, 64]","[16, 8, 8]","[0.32, 0.64, 1.28]",multi_level,1.25,Raw,raw_features,logistic,"{'C': 0.1, 'l1_ratio': 0.0}",0.5822813458039688,0.6011179860727672,0.33297851492639363,576,False,0.02595256683195062,point_m2ae_ofc_30_configurations
point_m2ae_encoder,C1A3v2,C1,A3,v2,"[512, 256, 64]","[16, 8, 8]","[0.32, 0.64, 1.28]",multi_level,1.25,PCA 32D,pca_features,logistic,"{'C': 1.0, 'l1_ratio': 1.0}",0.5491299824416299,0.5921866840585822,0.14608936183263277,32,False,0.022708935862383282,point_m2ae_ofc_30_configurations
point_m2ae_encoder,C1A3v3,C1,A3,v3,"[512, 256, 64]","[16, 8, 8]","[0.32, 0.64, 1.28]",multi_level,1.5,Raw,raw_features,logistic,"{'C': 0.1, 'l1_ratio': 0.0}",0.6166984372161216,0.5859260441598104,0.3319089339074023,576,False,0.038132755373130975,point_m2ae_ofc_30_configurations
point_m2ae_encoder,C1A3v3,C1,A3,v3,"[512, 256, 64]","[16, 8, 8]","[0.32, 0.64, 1.28]",multi_level,1.5,PCA 32D,pca_features,logistic,"{'C': 0.1, 'l1_ratio': 0.1}",0.566538055893298,0.5711011060288032,0.14795690227822655,32,False,0.044940522928330805,point_m2ae_ofc_30_configurations
point_m2ae_encoder,C1A3v4,C1,A3,v4,"[512, 256, 64]","[16, 8, 8]","[0.32, 0.64, 1.28]",multi_level,1.75,Raw,raw_features,logistic,"{'C': 0.1, 'l1_ratio': 0.0}",0.609587932559088,0.6009448629094836,0.3188591667276448,576,False,0.04281563946705334,point_m2ae_ofc_30_configurations
point_m2ae_encoder,C1A3v4,C1,A3,v4,"[512, 256, 64]","[16, 8, 8]","[0.32, 0.64, 1.28]",multi_level,1.75,PCA 32D,pca_features,logistic,"{'C': 0.1, 'l1_ratio': 0.0}",0.5931601683545318,0.5985782272995291,0.1473304077050367,32,False,0.03699357646311084,point_m2ae_ofc_30_configurations
point_m2ae_encoder,C1A3v5,C1,A3,v5,"[512, 256, 64]","[16, 8, 8]","[0.32, 0.64, 1.28]",multi_level,2.0,Raw,raw_features,logistic,"{'C': 0.1, 'l1_ratio': 0.1}",0.6007945059262675,0.5798087406478006,0.2646509581521058,576,False,0.028391972528685236,point_m2ae_ofc_30_configurations
point_m2ae_encoder,C1A3v5,C1,A3,v5,"[512, 256, 64]","[16, 8, 8]","[0.32, 0.64, 1.28]",multi_level,2.0,PCA 32D,pca_features,logistic,"{'C': 0.1, 'l1_ratio': 0.1}",0.575055429722687,0.5919612654565645,0.13959172539266085,32,False,0.032142634483958724,point_m2ae_ofc_30_configurations
point_m2ae_encoder,C2A1v1,C2,A1,v1,"[512, 256, 64]","[24, 16, 16]","[0.32, 0.64, 1.28]",mean,1.0,Raw,raw_features,logistic,"{'C': 0.1, 'l1_ratio': 0.0}",0.6575022607036815,0.6139003456278989,0.3252633862956126,384,False,0.02688474768954909,point_m2ae_ofc_30_configurations
point_m2ae_encoder,C2A1v1,C2,A1,v1,"[512, 256, 64]","[24, 16, 16]","[0.32, 0.64, 1.28]",mean,1.0,PCA 32D,pca_features,logistic,"{'C': 0.1, 'l1_ratio': 0.1}",0.6263554752861493,0.5592876179299193,0.1651915056225669,32,False,0.0551072804296568,point_m2ae_ofc_30_configurations
point_m2ae_encoder,C2A1v2,C2,A1,v2,"[512, 256, 64]","[24, 16, 16]","[0.32, 0.64, 1.28]",mean,1.25,Raw,raw_features,logistic,"{'C': 0.1, 'l1_ratio': 0.0}",0.6586817572409219,0.6209183559037211,0.31255335341682744,384,False,0.028372707036024056,point_m2ae_ofc_30_configurations
point_m2ae_encoder,C2A1v2,C2,A1,v2,"[512, 256, 64]","[24, 16, 16]","[0.32, 0.64, 1.28]",mean,1.25,PCA 32D,pca_features,logistic,"{'C': 1.0, 'l1_ratio': 0.0}",0.580509282066577,0.5833063819102293,0.14468450429879076,32,False,0.03541307026623769,point_m2ae_ofc_30_configurations
point_m2ae_encoder,C2A1v3,C2,A1,v3,"[512, 256, 64]","[24, 16, 16]","[0.32, 0.64, 1.28]",mean,1.5,Raw,raw_features,logistic,"{'C': 1.0, 'l1_ratio': 0.0}",0.6137880611341285,0.6018294702947745,0.39274907490231203,384,False,0.0289275999641661,point_m2ae_ofc_30_configurations
point_m2ae_encoder,C2A1v3,C2,A1,v3,"[512, 256, 64]","[24, 16, 16]","[0.32, 0.64, 1.28]",mean,1.5,PCA 32D,pca_features,logistic,"{'C': 0.001, 'l1_ratio': 0.0}",0.5304399998761258,0.5456978807586612,0.11536963316539794,32,False,0.04460559974607329,point_m2ae_ofc_30_configurations
point_m2ae_encoder,C2A1v4,C2,A1,v4,"[512, 256, 64]","[24, 16, 16]","[0.32, 0.64, 1.28]",mean,1.75,Raw,raw_features,logistic,"{'C': 1.0, 'l1_ratio': 0.7}",0.6064898335035808,0.5834355021539238,0.3780610273352105,384,False,0.012436338166370119,point_m2ae_ofc_30_configurations
point_m2ae_encoder,C2A1v4,C2,A1,v4,"[512, 256, 64]","[24, 16, 16]","[0.32, 0.64, 1.28]",mean,1.75,PCA 32D,pca_features,logistic,"{'C': 0.1, 'l1_ratio': 0.0}",0.561153247520293,0.5635342896548526,0.1573713338416849,32,False,0.0549884468345341,point_m2ae_ofc_30_configurations
point_m2ae_encoder,C2A1v5,C2,A1,v5,"[512, 256, 64]","[24, 16, 16]","[0.32, 0.64, 1.28]",mean,2.0,Raw,raw_features,logistic,"{'C': 0.1, 'l1_ratio': 0.0}",0.6537344252047735,0.5799941168237189,0.3210367589607359,384,False,0.0209647386478036,point_m2ae_ofc_30_configurations
point_m2ae_encoder,C2A1v5,C2,A1,v5,"[512, 256, 64]","[24, 16, 16]","[0.32, 0.64, 1.28]",mean,2.0,PCA 32D,pca_features,logistic,"{'C': 0.1, 'l1_ratio': 0.1}",0.5945383380246707,0.5805467419694041,0.14508805656326684,32,False,0.033723605990612984,point_m2ae_ofc_30_configurations
point_m2ae_encoder,C2A2v1,C2,A2,v1,"[512, 256, 64]","[24, 16, 16]","[0.32, 0.64, 1.28]",mean_std_min_max,1.0,Raw,raw_features,logistic,"{'C': 0.01, 'l1_ratio': 0.1}",0.5799140825402209,0.5781101638982891,0.31904577834124415,1536,False,0.028909290715336593,point_m2ae_ofc_30_configurations
point_m2ae_encoder,C2A2v1,C2,A2,v1,"[512, 256, 64]","[24, 16, 16]","[0.32, 0.64, 1.28]",mean_std_min_max,1.0,PCA 32D,pca_features,logistic,"{'C': 0.01, 'l1_ratio': 0.0}",0.5623179188598748,0.5685015786347634,0.1626467783228508,32,False,0.01642553863290958,point_m2ae_ofc_30_configurations
point_m2ae_encoder,C2A2v2,C2,A2,v2,"[512, 256, 64]","[24, 16, 16]","[0.32, 0.64, 1.28]",mean_std_min_max,1.25,Raw,raw_features,logistic,"{'C': 0.001, 'l1_ratio': 0.0}",0.6004038417192974,0.602920694479835,0.35529487406329285,1536,False,0.011397520255517801,point_m2ae_ofc_30_configurations
point_m2ae_encoder,C2A2v2,C2,A2,v2,"[512, 256, 64]","[24, 16, 16]","[0.32, 0.64, 1.28]",mean_std_min_max,1.25,PCA 32D,pca_features,logistic,"{'C': 0.01, 'l1_ratio': 0.0}",0.571932043660247,0.6246579221275917,0.13620494940967376,32,False,0.012498342408869698,point_m2ae_ofc_30_configurations
point_m2ae_encoder,C2A2v3,C2,A2,v3,"[512, 256, 64]","[24, 16, 16]","[0.32, 0.64, 1.28]",mean_std_min_max,1.5,Raw,raw_features,logistic,"{'C': 0.01, 'l1_ratio': 0.0}",0.6451700625659867,0.6051604322311259,0.39480907614962124,1536,False,0.03874124809728173,point_m2ae_ofc_30_configurations
point_m2ae_encoder,C2A2v3,C2,A2,v3,"[512, 256, 64]","[24, 16, 16]","[0.32, 0.64, 1.28]",mean_std_min_max,1.5,PCA 32D,pca_features,logistic,"{'C': 0.1, 'l1_ratio': 1.0}",0.5395925345640709,0.585930605220063,0.1427910458494961,32,False,0.03612058056879248,point_m2ae_ofc_30_configurations
point_m2ae_encoder,C2A2v4,C2,A2,v4,"[512, 256, 64]","[24, 16, 16]","[0.32, 0.64, 1.28]",mean_std_min_max,1.75,Raw,raw_features,logistic,"{'C': 0.1, 'l1_ratio': 0.8}",0.5586991770466873,0.542366578983531,0.39790739289369725,1536,False,0.017857187632008237,point_m2ae_ofc_30_configurations
point_m2ae_encoder,C2A2v4,C2,A2,v4,"[512, 256, 64]","[24, 16, 16]","[0.32, 0.64, 1.28]",mean_std_min_max,1.75,PCA 32D,pca_features,logistic,"{'C': 0.01, 'l1_ratio': 0.4}",0.5713524455303021,0.5701106000440662,0.06606224614632106,32,False,0.04089515753507988,point_m2ae_ofc_30_configurations
point_m2ae_encoder,C2A2v5,C2,A2,v5,"[512, 256, 64]","[24, 16, 16]","[0.32, 0.64, 1.28]",mean_std_min_max,2.0,Raw,raw_features,logistic,"{'C': 0.001, 'l1_ratio': 0.0}",0.5851596555472127,0.5823885124652233,0.3682717204113597,1536,False,0.03619847006684952,point_m2ae_ofc_30_configurations
point_m2ae_encoder,C2A2v5,C2,A2,v5,"[512, 256, 64]","[24, 16, 16]","[0.32, 0.64, 1.28]",mean_std_min_max,2.0,PCA 32D,pca_features,logistic,"{'C': 0.1, 'l1_ratio': 1.0}",0.5834529135999867,0.6004166645238653,0.13015334163443149,32,False,0.039987322696110966,point_m2ae_ofc_30_configurations
point_m2ae_encoder,C2A3v1,C2,A3,v1,"[512, 256, 64]","[24, 16, 16]","[0.32, 0.64, 1.28]",multi_level,1.0,Raw,raw_features,logistic,"{'C': 0.1, 'l1_ratio': 0.0}",0.6705906352394709,0.6141531000807243,0.3359904769958528,576,False,0.027763911971611183,point_m2ae_ofc_30_configurations
point_m2ae_encoder,C2A3v1,C2,A3,v1,"[512, 256, 64]","[24, 16, 16]","[0.32, 0.64, 1.28]",multi_level,1.0,PCA 32D,pca_features,logistic,"{'C': 0.1, 'l1_ratio': 0.0}",0.6241588308310749,0.5666032839306698,0.16272779959584704,32,False,0.053130672889993756,point_m2ae_ofc_30_configurations
point_m2ae_encoder,C2A3v2,C2,A3,v2,"[512, 256, 64]","[24, 16, 16]","[0.32, 0.64, 1.28]",multi_level,1.25,Raw,raw_features,logistic,"{'C': 0.1, 'l1_ratio': 0.0}",0.6650310809038114,0.6178824428074903,0.3287113280158349,576,False,0.02887393963150121,point_m2ae_ofc_30_configurations
point_m2ae_encoder,C2A3v2,C2,A3,v2,"[512, 256, 64]","[24, 16, 16]","[0.32, 0.64, 1.28]",multi_level,1.25,PCA 32D,pca_features,logistic,"{'C': 1000.0, 'l1_ratio': 0.4}",0.5794472694638091,0.5846690165570628,0.14392079886325937,32,False,0.034928801358309176,point_m2ae_ofc_30_configurations
point_m2ae_encoder,C2A3v3,C2,A3,v3,"[512, 256, 64]","[24, 16, 16]","[0.32, 0.64, 1.28]",multi_level,1.5,Raw,raw_features,logistic,"{'C': 1.0, 'l1_ratio': 0.0}",0.5977869978013923,0.6087481614309184,0.389879275142774,576,False,0.041448918280114364,point_m2ae_ofc_30_configurations
point_m2ae_encoder,C2A3v3,C2,A3,v3,"[512, 256, 64]","[24, 16, 16]","[0.32, 0.64, 1.28]",multi_level,1.5,PCA 32D,pca_features,logistic,"{'C': 0.001, 'l1_ratio': 0.0}",0.5324205593331884,0.5459373541696293,0.11641565749919813,32,False,0.04512815366861986,point_m2ae_ofc_30_configurations
point_m2ae_encoder,C2A3v4,C2,A3,v4,"[512, 256, 64]","[24, 16, 16]","[0.32, 0.64, 1.28]",multi_level,1.75,Raw,raw_features,logistic,"{'C': 1.0, 'l1_ratio': 0.9}",0.6137038346362356,0.5782145254936167,0.3738686684926492,576,False,0.017132181250804984,point_m2ae_ofc_30_configurations
point_m2ae_encoder,C2A3v4,C2,A3,v4,"[512, 256, 64]","[24, 16, 16]","[0.32, 0.64, 1.28]",multi_level,1.75,PCA 32D,pca_features,logistic,"{'C': 0.1, 'l1_ratio': 0.0}",0.558303927113071,0.563934344331484,0.15649287901667241,32,False,0.056217213588331504,point_m2ae_ofc_30_configurations
point_m2ae_encoder,C2A3v5,C2,A3,v5,"[512, 256, 64]","[24, 16, 16]","[0.32, 0.64, 1.28]",multi_level,2.0,Raw,raw_features,logistic,"{'C': 0.1, 'l1_ratio': 0.1}",0.6654152873753795,0.578285920804862,0.2761389065605342,576,False,0.020192388353996338,point_m2ae_ofc_30_configurations
point_m2ae_encoder,C2A3v5,C2,A3,v5,"[512, 256, 64]","[24, 16, 16]","[0.32, 0.64, 1.28]",multi_level,2.0,PCA 32D,pca_features,logistic,"{'C': 0.1, 'l1_ratio': 0.0}",0.5889219008269713,0.5831204985664508,0.14518862528642207,32,False,0.03528170795630901,point_m2ae_ofc_30_configurations
