mean_fit_time,std_fit_time,mean_score_time,std_score_time,param_C,param_l1_ratio,params,split0_test_score,split1_test_score,split2_test_score,split3_test_score,split4_test_score,mean_test_score,std_test_score,rank_test_score,split0_train_score,split1_train_score,split2_train_score,split3_train_score,split4_train_score,mean_train_score,std_train_score
0.043673372268676756,0.004784182783944477,0.011037492752075195,0.001412898437345041,0.001,0.0,"{'C': 0.001, 'l1_ratio': 0.0}",0.4623152941150715,0.5952314704787207,0.5568389861388986,0.6230686394585058,0.5071158037455067,0.5489140387873406,0.058229630088359394,52,0.6999482678185379,0.6844932997878842,0.6827137289413393,0.6794923030309807,0.6978967539519401,0.6889088707061365,0.008357022539712712
0.023289585113525392,0.0020778529289521737,0.009606170654296874,0.0005708997551429617,0.001,0.1,"{'C': 0.001, 'l1_ratio': 0.1}",0.5,0.5,0.5,0.5,0.5,0.5,0.0,61,0.5,0.5,0.5,0.5,0.5,0.5,0.0
0.02501192092895508,0.002307499124082065,0.010071849822998047,0.001495895352728139,0.001,0.2,"{'C': 0.001, 'l1_ratio': 0.2}",0.5,0.5,0.5,0.5,0.5,0.5,0.0,61,0.5,0.5,0.5,0.5,0.5,0.5,0.0
0.025603246688842774,0.001305309364057174,0.009575748443603515,0.0008076655567703619,0.001,0.3,"{'C': 0.001, 'l1_ratio': 0.3}",0.5,0.5,0.5,0.5,0.5,0.5,0.0,61,0.5,0.5,0.5,0.5,0.5,0.5,0.0
0.023333168029785155,0.0018932314306242346,0.008905315399169922,0.0003813767200577183,0.001,0.4,"{'C': 0.001, 'l1_ratio': 0.4}",0.5,0.5,0.5,0.5,0.5,0.5,0.0,61,0.5,0.5,0.5,0.5,0.5,0.5,0.0
0.022808313369750977,0.00040447929422775936,0.00716710090637207,0.0008457849948006368,0.001,0.5,"{'C': 0.001, 'l1_ratio': 0.5}",0.5,0.5,0.5,0.5,0.5,0.5,0.0,61,0.5,0.5,0.5,0.5,0.5,0.5,0.0
0.020733165740966796,0.0017299153660908716,0.008334922790527343,0.0004624499759425376,0.001,0.6,"{'C': 0.001, 'l1_ratio': 0.6}",0.5,0.5,0.5,0.5,0.5,0.5,0.0,61,0.5,0.5,0.5,0.5,0.5,0.5,0.0
0.01791524887084961,0.0007308102642809495,0.008227777481079102,0.000570685464231291,0.001,0.7,"{'C': 0.001, 'l1_ratio': 0.7}",0.5,0.5,0.5,0.5,0.5,0.5,0.0,61,0.5,0.5,0.5,0.5,0.5,0.5,0.0
0.020219850540161132,0.0011220331689026184,0.008633708953857422,0.0003244648455191542,0.001,0.8,"{'C': 0.001, 'l1_ratio': 0.8}",0.5,0.5,0.5,0.5,0.5,0.5,0.0,61,0.5,0.5,0.5,0.5,0.5,0.5,0.0
0.01945319175720215,0.0012970270090294157,0.007557344436645508,0.0010764256965133904,0.001,0.9,"{'C': 0.001, 'l1_ratio': 0.9}",0.5,0.5,0.5,0.5,0.5,0.5,0.0,61,0.5,0.5,0.5,0.5,0.5,0.5,0.0
0.0193021297454834,0.0005839708863156005,0.007647466659545898,0.0007251914457190274,0.001,1.0,"{'C': 0.001, 'l1_ratio': 1.0}",0.5,0.5,0.5,0.5,0.5,0.5,0.0,61,0.5,0.5,0.5,0.5,0.5,0.5,0.0
0.032816314697265626,0.00413612511987259,0.007998085021972657,0.00033396265260513284,0.01,0.0,"{'C': 0.01, 'l1_ratio': 0.0}",0.4833797864838894,0.6065252082039843,0.5633583950202575,0.6190804987553501,0.5192155829354155,0.5583118942797793,0.051353980252082196,9,0.7289027858901539,0.713939497781637,0.7125312072972246,0.7190810310234051,0.7282128353232143,0.7205334714631271,0.00690860850241296
0.038240480422973636,0.0002348287404207123,0.008720874786376953,0.0005879912041043898,0.01,0.1,"{'C': 0.01, 'l1_ratio': 0.1}",0.47163760451194225,0.5835385315757686,0.5317420060774822,0.603168502471716,0.5127446065411714,0.5405662502356161,0.04768380918662485,57,0.6750340112731152,0.6626045967477636,0.6643880870942105,0.6561585596876327,0.6729296476115298,0.6662229804828504,0.006933480339730256
0.038971471786499026,0.005281253500185303,0.008892250061035157,0.0008034074939647017,0.01,0.2,"{'C': 0.01, 'l1_ratio': 0.2}",0.4794590533273862,0.5973962477881962,0.5328489240312014,0.6126609065399392,0.49161578298282704,0.54279618293391,0.0540226248386045,55,0.6326491512932682,0.6196314947515364,0.6313411536708107,0.5989914664177057,0.6222098716172537,0.620964627550115,0.012085926323075124
0.031292724609375,0.004938781644699519,0.008611154556274415,0.0002599916464409096,0.01,0.3,"{'C': 0.01, 'l1_ratio': 0.3}",0.4829924756745953,0.5461590929719992,0.46932609657241675,0.6269943613422498,0.4817853092550753,0.5214514671632673,0.0591934483765511,60,0.6046276421251746,0.6004882886717204,0.5735489048726385,0.5789916840771906,0.5964760769175195,0.5908265193328488,0.012282650894274917
0.027137565612792968,0.0033365478879014234,0.00812067985534668,0.00029658606573918335,0.01,0.4,"{'C': 0.01, 'l1_ratio': 0.4}",0.48148843479620906,0.5,0.5,0.5,0.47662734557807335,0.49162315607485646,0.010374019956506173,76,0.5893198949514192,0.5,0.5,0.5,0.5888622951426942,0.5356364380188227,0.043645784581819363
0.0235166072845459,0.004490987348259185,0.008173274993896484,0.0005410441677575588,0.01,0.5,"{'C': 0.01, 'l1_ratio': 0.5}",0.48148843479620906,0.5,0.5,0.5,0.47662734557807335,0.49162315607485646,0.010374019956506173,76,0.5893198949514192,0.5,0.5,0.5,0.5888622951426942,0.5356364380188227,0.043645784581819363
0.024898004531860352,0.00809258117427717,0.008304548263549805,0.0003266117130478979,0.01,0.6,"{'C': 0.01, 'l1_ratio': 0.6}",0.48148843479620906,0.5,0.5,0.5,0.5,0.4962976869592418,0.007404626081516375,75,0.5892980591964201,0.5,0.5,0.5,0.5,0.517859611839284,0.03571922367856804
0.01997213363647461,0.0012903521820269933,0.008286237716674805,0.0011803299094967359,0.01,0.7,"{'C': 0.01, 'l1_ratio': 0.7}",0.5,0.5,0.5,0.5,0.5,0.5,0.0,61,0.5,0.5,0.5,0.5,0.5,0.5,0.0
0.019280624389648438,0.0014494745108914451,0.007576942443847656,0.0003186535798786124,0.01,0.8,"{'C': 0.01, 'l1_ratio': 0.8}",0.5,0.5,0.5,0.5,0.5,0.5,0.0,61,0.5,0.5,0.5,0.5,0.5,0.5,0.0
0.019413328170776366,0.0018193363724310896,0.007487106323242188,0.0004739271633707554,0.01,0.9,"{'C': 0.01, 'l1_ratio': 0.9}",0.5,0.5,0.5,0.5,0.5,0.5,0.0,61,0.5,0.5,0.5,0.5,0.5,0.5,0.0
0.020731544494628905,0.0038033899589464864,0.008319091796875,0.0005448353847674332,0.01,1.0,"{'C': 0.01, 'l1_ratio': 1.0}",0.5,0.5,0.5,0.5,0.5,0.5,0.0,61,0.5,0.5,0.5,0.5,0.5,0.5,0.0
0.04786901473999024,0.00646870596929943,0.008178806304931641,0.00042964299677445344,0.1,0.0,"{'C': 0.1, 'l1_ratio': 0.0}",0.5010986040519988,0.5948848155621482,0.5662211823751833,0.6065439076553661,0.5232231076933992,0.5583943234676191,0.040573420051809715,7,0.74596579661808,0.7320159279648938,0.734392293768419,0.7391383678335075,0.748953710984034,0.7400932194337868,0.006506157172886932
0.059824132919311525,0.0071216206977682255,0.008774185180664062,0.0005183938756540702,0.1,0.1,"{'C': 0.1, 'l1_ratio': 0.1}",0.4924336112892054,0.6023051357886898,0.5662787193111626,0.6066389818599098,0.5203493663552667,0.5576011629208468,0.04497323424972302,14,0.7436947704698388,0.7304531805170951,0.732122234901532,0.7361426705904947,0.7458205058501447,0.737646672465821,0.006130559519652106
0.061992740631103514,0.004065998082865654,0.008116006851196289,0.00048034349173726396,0.1,0.2,"{'C': 0.1, 'l1_ratio': 0.2}",0.4893464978442274,0.6046387626800321,0.5567029767819736,0.6127038083878962,0.5206928324810555,0.556816975635037,0.04747103006885547,16,0.7404805680192752,0.7276781839621115,0.728231435168331,0.7324947224678273,0.7418825107592946,0.734153484075368,0.005992019853085037
0.06882367134094239,0.004433692220719347,0.008321523666381836,0.0005445814999253288,0.1,0.3,"{'C': 0.1, 'l1_ratio': 0.3}",0.4883152385457899,0.6023443630212291,0.5479829887043314,0.616067806314716,0.5205682312051385,0.555055725558241,0.0482750302151322,49,0.7360786805397233,0.7238593985475852,0.7232188493564494,0.7276874938837655,0.7380148634469875,0.7297718571549021,0.006163875764071944
0.06568503379821777,0.0044407977231275065,0.007866525650024414,0.0007340563322783808,0.1,0.4,"{'C': 0.1, 'l1_ratio': 0.4}",0.482651477965814,0.6007957455207632,0.5497888546335068,0.6128051354591468,0.5194860017206818,0.5531054430599825,0.04887421818014732,50,0.7315684375387468,0.7185447944280605,0.7172799427920794,0.7205206388977258,0.7340756280345447,0.7243978883382314,0.007000462010607248
0.07275910377502441,0.008955139583882983,0.008951759338378907,0.0012642863739702683,0.1,0.5,"{'C': 0.1, 'l1_ratio': 0.5}",0.48120463223727916,0.5982491166262561,0.5522289239058061,0.609054887816051,0.5209804107140266,0.5523435942598838,0.04768207661085683,51,0.7255979375186784,0.7130888217499524,0.7102358430362286,0.7129422782216,0.7289254793183457,0.718158071968961,0.00757564748237415
0.0773439884185791,0.018819946566267415,0.008041906356811523,0.0004649766100285437,0.1,0.6,"{'C': 0.1, 'l1_ratio': 0.6}",0.47988137664749564,0.5950635355898555,0.5467842159274406,0.6018756567939364,0.5192780977515027,0.5485765765420462,0.046005376254901136,53,0.7197302460145757,0.7066800046892717,0.7036400291338831,0.7043677236753939,0.7238753576640531,0.7116586722354354,0.008445607198589942
0.08677635192871094,0.017767201669658807,0.009433841705322266,0.0012771424585760137,0.1,0.7,"{'C': 0.1, 'l1_ratio': 0.7}",0.4735530544656872,0.5890203986932591,0.5404690772166341,0.5989207030287315,0.5182967335668429,0.544051993394231,0.046214724621607965,54,0.7141986602766539,0.7003244180632304,0.6964616748774111,0.6958361573665579,0.7169077199598299,0.7047457261087366,0.008998065832445348
0.10175147056579589,0.025243304873991644,0.008490753173828126,0.0007948502902001494,0.1,0.8,"{'C': 0.1, 'l1_ratio': 0.8}",0.4693038556646185,0.5842910830960524,0.5340248991940715,0.6020102032757958,0.516302458019071,0.5411864998499218,0.04773918011890359,56,0.7078927712217077,0.6915188624695376,0.6901287436137595,0.6874630043398355,0.7096188212948398,0.6973244405879362,0.009440043712391937
0.12621445655822755,0.061080852109432586,0.008707141876220703,0.0009049022260784,0.1,0.9,"{'C': 0.1, 'l1_ratio': 0.9}",0.4678564304186633,0.5853564469480848,0.5233145676635297,0.6021585683818319,0.5170137813798675,0.5391399589583954,0.04884395782635085,58,0.6998423931493909,0.6811916244270599,0.6844707802498492,0.6773589584983893,0.7004797763557734,0.6886687065360926,0.009651863918061204
0.04846787452697754,0.0034715279182398156,0.008603477478027343,0.000685974737202593,0.1,1.0,"{'C': 0.1, 'l1_ratio': 1.0}",0.46885749846926905,0.58536449328906,0.5150829781183972,0.6000639224648584,0.5191672794680883,0.5377072343619346,0.048488027202890596,59,0.6894024533537209,0.6727860091313257,0.6778612118751707,0.6677389762439031,0.6911563156565226,0.6797889932521286,0.009160738739888074
0.07953267097473145,0.005929541252638383,0.009331130981445312,0.0010241253744264886,1.0,0.0,"{'C': 1.0, 'l1_ratio': 0.0}",0.5080715749731668,0.5846237630667803,0.5618438767678945,0.6058335059490704,0.5282773335639402,0.5577300108641704,0.03574231244585222,13,0.7486307141966911,0.736078117158399,0.7376490586342135,0.7414115673079695,0.7519247322174815,0.7431388379029509,0.006169725467022638
0.2440115451812744,0.01636959532582098,0.008087491989135743,0.0015689991075166316,1.0,0.1,"{'C': 1.0, 'l1_ratio': 0.1}",0.508247949490292,0.5857540912464616,0.5625924526479277,0.6065701221652988,0.5279056967149005,0.5582140624529761,0.03614178046488481,11,0.7483865030823305,0.7359248311703953,0.7376985357663954,0.741151699593136,0.7517235392206981,0.7429770217665911,0.006110510017610197
0.20809578895568848,0.07218062364042813,0.008593416213989258,0.0008552901260206096,1.0,0.2,"{'C': 1.0, 'l1_ratio': 0.2}",0.5078791107987727,0.5876304138862041,0.5629833708896844,0.6057332995351805,0.5281353964583303,0.5584723183136344,0.036288141184367705,5,0.7484301774100185,0.735736409568768,0.7375982215941495,0.7414657097613597,0.7517216739534194,0.742990438457543,0.0061619310053512314
0.13634662628173827,0.023733503582332963,0.00847768783569336,0.0006237105673876631,1.0,0.3,"{'C': 1.0, 'l1_ratio': 0.3}",0.5070691788618059,0.5876251834477019,0.5627827151295833,0.6052134095802267,0.527599069227209,0.5580579112493054,0.03646307794909735,12,0.7484004932458121,0.7355785009829039,0.7377077778491191,0.7417022963443312,0.7516810720431961,0.7430140280930724,0.006152977375437304
0.1355886459350586,0.012625065491697724,0.010886144638061524,0.004296984251744822,1.0,0.4,"{'C': 1.0, 'l1_ratio': 0.4}",0.5060998715853787,0.5902246332224711,0.5638123816613289,0.6059619854602598,0.5277471293075505,0.5587692002473978,0.037358972110258,4,0.7483989812833574,0.7354136089303414,0.7373115616809658,0.7418076481563587,0.7515676117221333,0.7428998823546312,0.006226334631145287
0.14560041427612305,0.022880820336981078,0.008359813690185547,0.00033153841922309573,1.0,0.5,"{'C': 1.0, 'l1_ratio': 0.5}",0.505604770535892,0.590744523177425,0.5641482461579219,0.6068445511902678,0.5277951304057552,0.5590274442934524,0.03781034493054814,2,0.7482379808244666,0.734896481765326,0.7369580249530354,0.7414593528779891,0.751003779336908,0.7425111239515448,0.006242563442048909
0.14327402114868165,0.023283075538843144,0.009821414947509766,0.002949194753636118,1.0,0.6,"{'C': 1.0, 'l1_ratio': 0.6}",0.5044399727163198,0.592621125717451,0.5644459671113744,0.6077119854053359,0.5263259692341434,0.5591090040369249,0.038928718521678084,1,0.7482884555228801,0.7346824873814142,0.7369892260958842,0.7411582916685561,0.7507369482010811,0.7423710817739632,0.006237832111772961
0.14196815490722656,0.014590455369298759,0.009248304367065429,0.0013289449836859503,1.0,0.7,"{'C': 1.0, 'l1_ratio': 0.7}",0.5031929961069952,0.5933650309595485,0.5634967354712402,0.608031499500472,0.5262414570643908,0.5588655438205293,0.039478392450733944,3,0.7483412849201616,0.7344877632701063,0.7364932867448398,0.7410431074762273,0.7502577043871979,0.7421246293597066,0.006260944795493467
0.13797950744628906,0.011711504598699725,0.008145809173583984,0.0006640368419782601,1.0,0.8,"{'C': 1.0, 'l1_ratio': 0.8}",0.5020124225354234,0.5946454564583401,0.5632247431630776,0.6061379867584225,0.5260771446437124,0.5584195507117953,0.039598612601367406,6,0.7484753919388504,0.7342922007125907,0.7360200855090185,0.7407939332171568,0.7498434156062194,0.7418850053967672,0.006324680143673123
0.13614320755004883,0.02424784015986441,0.00793004035949707,0.0003226204591316461,1.0,0.9,"{'C': 1.0, 'l1_ratio': 0.9}",0.5005676856063906,0.5957135464335093,0.5629145397132155,0.6054890574917124,0.5270830007272985,0.5583535659944253,0.03988829753877431,8,0.7482099678221883,0.7340292192840395,0.7358044464369555,0.7402829005403403,0.7495430049886069,0.741573907814426,0.006315370323054246
0.11084175109863281,0.014324157784813118,0.008469820022583008,0.001486881812528629,1.0,1.0,"{'C': 1.0, 'l1_ratio': 1.0}",0.49859682734817395,0.5958897600333963,0.5629124504952515,0.6062233045896936,0.527600530677968,0.5582445746288967,0.040590192813598075,10,0.748063723456429,0.7338861188448893,0.7354728020696178,0.7399683751567838,0.7492057715819274,0.7413193582219295,0.0063078110279542006
0.09378175735473633,0.015866547017395632,0.00815119743347168,0.00035243426294822303,10.0,0.0,"{'C': 10.0, 'l1_ratio': 0.0}",0.5080274270141273,0.5825348926016909,0.5583943275835295,0.6056637416742024,0.5278384195851334,0.5564917616917366,0.03541060233767004,20,0.7486845180450249,0.7363703081031603,0.7385796163350352,0.7418570225352065,0.7524076942980198,0.7435798318632894,0.006065252448799067
0.20732483863830567,0.03987357454693376,0.00973825454711914,0.0011029057969159106,10.0,0.1,"{'C': 10.0, 'l1_ratio': 0.1}",0.5077471096085727,0.5826612828949164,0.5582513069885637,0.6054324743291515,0.5278217892833933,0.5563827926209195,0.03544314389674022,25,0.7487581837268976,0.7363880085786019,0.7385685375430792,0.7417982396035492,0.752387377653443,0.7435800694211141,0.006072851957502829
0.7038035869598389,0.06597839125432803,0.008374929428100586,0.0006804103848350917,10.0,0.2,"{'C': 10.0, 'l1_ratio': 0.2}",0.507624919970254,0.5824300155498655,0.5582513069885637,0.605270242012474,0.5278217892833933,0.5562796547609101,0.035397569821212206,29,0.7486334482208679,0.7363616106363018,0.7385289983116415,0.7418133719414877,0.7523462311258011,0.7435367320472202,0.006051669591974477
0.7038442134857178,0.37538787905434073,0.010042238235473632,0.004336227487833411,10.0,0.3,"{'C': 10.0, 'l1_ratio': 0.3}",0.5077122178305534,0.5826994264380566,0.5581082863935981,0.605270242012474,0.527986479665475,0.5563553304680313,0.03538558158706905,26,0.7487227675783698,0.7363666758088171,0.7385550944233988,0.7417912007254944,0.752341579377758,0.7435554635827677,0.0060612184610747445
0.5988648414611817,0.29022350945511943,0.008333873748779298,0.0014368946585204497,10.0,0.4,"{'C': 10.0, 'l1_ratio': 0.4}",0.5079050603010413,0.5826994264380566,0.5581082863935981,0.6054324743291515,0.527986479665475,0.5564263454254645,0.035377522400561336,22,0.7487146858384953,0.7362940597497551,0.7386171373308267,0.7417930059222397,0.752385057878729,0.743560789344009,0.006079481502537145
0.4605818271636963,0.1578896915853615,0.008104562759399414,0.000448490532001101,10.0,0.5,"{'C': 10.0, 'l1_ratio': 0.5}",0.506919107996484,0.5828616587547341,0.5582131634454235,0.6055064598957437,0.528458881024604,0.5563918542233979,0.035620263391829554,24,0.7487814915209003,0.7363530734094645,0.7386122763139791,0.7418810428635907,0.7522875010587835,0.7435830770333436,0.006044323672786574
0.39078330993652344,0.1286532393607845,0.008876276016235352,0.0016843546975252599,10.0,0.6,"{'C': 10.0, 'l1_ratio': 0.6}",0.5073766691952943,0.5831834743695585,0.5582131634454235,0.605363439300778,0.5283754523442074,0.5565024397310523,0.03551526492693668,19,0.7488115229282984,0.7363190870331414,0.7385686390064522,0.7418673251002124,0.752322991496613,0.7435779131129434,0.006075797266466043
0.3374029159545898,0.11376938658259612,0.010347318649291993,0.002583763547606087,10.0,0.7,"{'C': 10.0, 'l1_ratio': 0.7}",0.5071478885958891,0.5827899747078302,0.5583561840403892,0.605363439300778,0.5286614935341387,0.556463796035805,0.035476332049098364,21,0.748710858538322,0.7363053692697632,0.7385178347851137,0.7418072024076674,0.752270831820481,0.7435224193642694,0.006058519120240403
0.2922947406768799,0.09622415923532407,0.008446455001831055,0.0004520284725239205,10.0,0.8,"{'C': 10.0, 'l1_ratio': 0.8}",0.5072518314843186,0.5830212420528811,0.5591047599204223,0.6058117128073869,0.5286831633212546,0.5567745419172527,0.03561063805355936,18,0.7487955417950974,0.7363124520634639,0.738643739082906,0.7417838337130852,0.7522060323331641,0.7435483197975433,0.006033496996515226
0.26664419174194337,0.07878030337416345,0.00870218276977539,0.0011035502072675308,10.0,0.9,"{'C': 10.0, 'l1_ratio': 0.9}",0.5070064058567832,0.5831476323461066,0.5593884319921063,0.6057426777790136,0.5286831633212546,0.5567936622590529,0.03568260567920324,17,0.7487874430872931,0.7363399321203273,0.7385981413560321,0.7417800813831851,0.7522015361307087,0.7435414268155092,0.006031883864691132
0.2314387798309326,0.06683058765050337,0.009455585479736328,0.0019229496840918448,10.0,1.0,"{'C': 10.0, 'l1_ratio': 1.0}",0.5072351864561885,0.5827541326843781,0.5596744731820377,0.6058664866522674,0.5290526331915827,0.5569165824332909,0.03554129671518638,15,0.7487779659854168,0.7363369294449931,0.7385063387985884,0.7416673050883378,0.7521568199695866,0.7434890718573846,0.006039898383537068
0.09204664230346679,0.015637404916051752,0.008385753631591797,0.0003729618525969269,100.0,0.0,"{'C': 100.0, 'l1_ratio': 0.0}",0.5076762797016361,0.5818052485430862,0.5578697669906402,0.6058757972975414,0.5281078304733245,0.5562669846012457,0.035411299602042215,30,0.7486813998634486,0.7363627376268606,0.7386773045534789,0.7419666678503904,0.752432195984589,0.7436240611757535,0.0060515136422115085
0.14438443183898925,0.016419998982105208,0.010696506500244141,0.002851033097407822,100.0,0.1,"{'C': 100.0, 'l1_ratio': 0.1}",0.5076762797016361,0.5818052485430862,0.5578697669906402,0.6058757972975414,0.5281078304733245,0.5562669846012457,0.035411299602042215,30,0.7487180547203134,0.7363483988591342,0.7386629657857526,0.7419810066181166,0.752422121534402,0.7436265095035438,0.00605973537752977
0.1448941707611084,0.013062346998715403,0.008555221557617187,0.0011974734701146132,100.0,0.2,"{'C': 100.0, 'l1_ratio': 0.2}",0.5076762797016361,0.5818052485430862,0.5578697669906402,0.6058757972975414,0.5281078304733245,0.5562669846012457,0.035411299602042215,30,0.7487361316091617,0.7363859909574166,0.7386730778271715,0.741995345385843,0.7524177809468217,0.7436416653452829,0.006050055102593574
0.1490327835083008,0.017537956601985878,0.008645105361938476,0.0011625334158321125,100.0,0.3,"{'C': 100.0, 'l1_ratio': 0.3}",0.5076762797016361,0.5818052485430862,0.5578697669906402,0.6058757972975414,0.5281078304733245,0.5562669846012457,0.035411299602042215,30,0.748743649341463,0.7364344314654921,0.7386718803485823,0.7420197961949884,0.7524177809468217,0.7436575076594696,0.00603858648205632
0.14959297180175782,0.016300547263380878,0.010053443908691406,0.00198571435891505,100.0,0.4,"{'C': 100.0, 'l1_ratio': 0.4}",0.5076762797016361,0.5818052485430862,0.5576384996455891,0.6058757972975414,0.5281078304733245,0.5562207311322356,0.035409326858160145,37,0.7487617262303113,0.7364290072605956,0.7386742885919526,0.7420276286432549,0.7524321959845889,0.7436649693421407,0.00604629010116539
0.15878310203552246,0.015462978939576731,0.009199571609497071,0.0013445533817212987,100.0,0.5,"{'C': 100.0, 'l1_ratio': 0.5}",0.5076762797016361,0.5818052485430862,0.5574954790506235,0.6058757972975414,0.5281078304733245,0.5561921270132424,0.03540822776265417,48,0.7487408701600999,0.7364468363862551,0.7386999368796868,0.7420078656706321,0.7524321959845889,0.7436655410162525,0.006035362686366844
0.1546567440032959,0.02094892262980701,0.007977914810180665,0.0010434970996926827,100.0,0.6,"{'C': 100.0, 'l1_ratio': 0.6}",0.5076056268694669,0.5818052485430862,0.5576384996455891,0.6058757972975414,0.5281078304733245,0.5562066005658017,0.03542870514754275,47,0.7487408701600999,0.7364415275453845,0.7387088514425167,0.7420222044383584,0.7524321959845889,0.7436691299141898,0.006034382124413563
0.1637235164642334,0.025345916865395973,0.008970165252685547,0.0021552510624277847,100.0,0.7,"{'C': 100.0, 'l1_ratio': 0.7}",0.5074834372311482,0.5818052485430862,0.5578007319622666,0.6058757972975414,0.5281078304733245,0.5562146091014735,0.03546363868108399,46,0.7487329707667734,0.7364336950971179,0.7387708943499444,0.7419935269029058,0.752398791933805,0.7436659758101093,0.006016665313967582
0.22905988693237306,0.1036113825057257,0.00859689712524414,0.0013542116863500778,100.0,0.8,"{'C': 100.0, 'l1_ratio': 0.8}",0.5076415649983841,0.5820365158881372,0.557657711367301,0.6060188178925071,0.5281078304733245,0.5562924881239308,0.035492573646134486,27,0.7487250713734469,0.7363763400262128,0.738765470145048,0.7420167669472699,0.7523976320464479,0.743656256107685,0.006028423205016849
0.42041983604431155,0.26820894210129664,0.00800023078918457,0.0015810237241047948,100.0,0.9,"{'C': 100.0, 'l1_ratio': 0.9}",0.5078703455977893,0.5821987482048147,0.5578007319622666,0.6060188178925071,0.5281078304733245,0.5563992948261405,0.03545458717416725,23,0.7487362882628276,0.7363300065454255,0.7387642726664589,0.7419979707251843,0.7523731425584934,0.7436403361516779,0.006035642698439446
0.5961199760437011,0.4912135166579184,0.00948634147644043,0.002278521495827247,100.0,1.0,"{'C': 100.0, 'l1_ratio': 1.0}",0.5073253094639123,0.5821987482048147,0.5578007319622666,0.6060188178925071,0.5281078304733245,0.5562902875993652,0.03560414715085865,28,0.7487006727998214,0.7363710890016415,0.7387786114341852,0.7420123094929106,0.7523521449312256,0.743642965531957,0.006010513735021229
0.08241190910339355,0.02507138316743795,0.008171176910400391,0.0009322016390400161,1000.0,0.0,"{'C': 1000.0, 'l1_ratio': 0.0}",0.5076762797016361,0.5819674808597638,0.5575837258007088,0.6058757972975414,0.5279814401800992,0.5562169447679498,0.035452502643321615,38,0.7487483878924011,0.7363770763945868,0.7387191233780687,0.7419171452277519,0.7524454511349993,0.7436414368055616,0.006059123712561661
0.1378236770629883,0.01629062556626767,0.008307647705078126,0.0013285993472412947,1000.0,0.1,"{'C': 1000.0, 'l1_ratio': 0.1}",0.5076762797016361,0.5819674808597638,0.5575837258007088,0.6058757972975414,0.5279814401800992,0.5562169447679498,0.035452502643321615,38,0.7487538268369849,0.7363770763945868,0.7387191233780687,0.7419171452277519,0.7524365365721695,0.7436407416819124,0.006057451484350788
0.138765287399292,0.01650346130946418,0.008688211441040039,0.0014260980792516393,1000.0,0.2,"{'C': 1000.0, 'l1_ratio': 0.2}",0.5076762797016361,0.5819674808597638,0.5575837258007088,0.6058757972975414,0.5279814401800992,0.5562169447679498,0.035452502643321615,38,0.7487394491052157,0.7363770763945868,0.7387292354194877,0.7419314839954781,0.7524365365721695,0.7436427562973875,0.006052571252902585
0.1465148448944092,0.018687102998737146,0.008241605758666993,0.000503618227964216,1000.0,0.3,"{'C': 1000.0, 'l1_ratio': 0.3}",0.5076762797016361,0.5819674808597638,0.5575837258007088,0.6058757972975414,0.5279814401800992,0.5562169447679498,0.035452502643321615,38,0.7487394491052157,0.7363992476105796,0.7387191233780687,0.7418949740117589,0.7524365365721695,0.7436378661355585,0.006050984245031835
0.1386108875274658,0.012194675796165696,0.00872659683227539,0.0007328686028564392,1000.0,0.4,"{'C': 1000.0, 'l1_ratio': 0.4}",0.5076762797016361,0.5819674808597638,0.5575837258007088,0.6058757972975414,0.5279814401800992,0.5562169447679498,0.035452502643321615,38,0.7487627656241702,0.7363914151623131,0.7387191233780687,0.7419314839954781,0.7524454511349993,0.7436500478590059,0.0060572968946355785
0.13685960769653321,0.019107750099342635,0.008073234558105468,0.00041482869463535613,1000.0,0.5,"{'C': 1000.0, 'l1_ratio': 0.5}",0.5076762797016361,0.5819674808597638,0.5575837258007088,0.6058757972975414,0.5279814401800992,0.5562169447679498,0.035452502643321615,38,0.7487627656241702,0.7363914151623131,0.7387191233780687,0.7419314839954781,0.7524454511349993,0.7436500478590059,0.0060572968946355785
0.13711233139038087,0.012726224125906531,0.008504676818847656,0.0006898662972668421,1000.0,0.6,"{'C': 1000.0, 'l1_ratio': 0.6}",0.5076762797016361,0.5819674808597638,0.5575837258007088,0.6058757972975414,0.5279814401800992,0.5562169447679498,0.035452502643321615,38,0.7487627656241702,0.7363914151623131,0.7387370678677543,0.7419314839954781,0.7524454511349993,0.7436536367569431,0.006054378912912533
0.1404745101928711,0.012453107342861376,0.00912618637084961,0.0006685935787286291,1000.0,0.7,"{'C': 1000.0, 'l1_ratio': 0.7}",0.5076762797016361,0.5819674808597638,0.5575837258007088,0.6058757972975414,0.5279814401800992,0.5562169447679498,0.035452502643321615,38,0.7487394491052157,0.7363914151623131,0.7387281533049245,0.7419314839954781,0.7524365365721695,0.7436454076280201,0.006049306368052002
0.1369619846343994,0.010927520896402663,0.007872056961059571,0.00044064473543366705,1000.0,0.8,"{'C': 1000.0, 'l1_ratio': 0.8}",0.5076762797016361,0.5819674808597638,0.5575837258007088,0.6058757972975414,0.5281078304733245,0.5562422228265949,0.035432400738787534,34,0.7487682045687538,0.7363914151623131,0.7387191233780687,0.7419314839954781,0.7524365365721695,0.7436493527353566,0.00605562773313108
0.13648977279663085,0.018699502325245348,0.007382059097290039,0.0010053122263498472,1000.0,0.9,"{'C': 1000.0, 'l1_ratio': 0.9}",0.5076762797016361,0.5819674808597638,0.5575837258007088,0.6058757972975414,0.5281078304733245,0.5562422228265949,0.035432400738787534,34,0.7487682045687538,0.7363914151623131,0.7387191233780687,0.7419314839954781,0.7524365365721695,0.7436493527353566,0.00605562773313108
0.1167597770690918,0.030145870734061272,0.005672645568847656,6.360467919320656e-05,1000.0,1.0,"{'C': 1000.0, 'l1_ratio': 1.0}",0.5076762797016361,0.5819674808597638,0.5575837258007088,0.6058757972975414,0.5281078304733245,0.5562422228265949,0.035432400738787534,34,0.7487682045687538,0.7363914151623131,0.7387382653463435,0.7419171452277518,0.7524365365721695,0.7436503133754663,0.006053333284500289
