model,config_name,config,aggregation,preprocessing,num_groups,group_sizes,local_radius,aggregation_name,scale_factor,mode,mode_internal,regressor,best_params,test_r2,cv_r2,overfitting_gap,feature_dim,convergence_ok,cv_stability,strategy
point_m2ae_encoder,C1A1v1,C1,A1,v1,"[512, 256, 64]","[16, 8, 8]","[0.32, 0.64, 1.28]",mean,1.0,Raw,raw_features,ridge,ElasticNet (aggregated across 6 dimensions),0.06704618378994419,0.11121778672321193,-0.044171602933267724,384,True,0.05251467440594204,point_m2ae_sc_30_configurations
point_m2ae_encoder,C1A1v1,C1,A1,v1,"[512, 256, 64]","[16, 8, 8]","[0.32, 0.64, 1.28]",mean,1.0,PCA 32D,pca_features,ridge,ElasticNet (aggregated across 6 dimensions),0.010781371312752844,0.0509930819990331,-0.04021171068628026,32,True,0.04036915546305501,point_m2ae_sc_30_configurations
point_m2ae_encoder,C1A1v2,C1,A1,v2,"[512, 256, 64]","[16, 8, 8]","[0.32, 0.64, 1.28]",mean,1.25,Raw,raw_features,ridge,ElasticNet (aggregated across 6 dimensions),0.05128300861589735,0.06568851326285195,-0.0144055046469546,384,True,0.04194508339048317,point_m2ae_sc_30_configurations
point_m2ae_encoder,C1A1v2,C1,A1,v2,"[512, 256, 64]","[16, 8, 8]","[0.32, 0.64, 1.28]",mean,1.25,PCA 32D,pca_features,ridge,ElasticNet (aggregated across 6 dimensions),0.00541154837321034,0.02550111228510792,-0.020089563911897576,32,True,0.03119613541314609,point_m2ae_sc_30_configurations
point_m2ae_encoder,C1A1v3,C1,A1,v3,"[512, 256, 64]","[16, 8, 8]","[0.32, 0.64, 1.28]",mean,1.5,Raw,raw_features,ridge,ElasticNet (aggregated across 6 dimensions),0.07122764517004736,0.062316208074902735,0.008911437095144612,384,True,0.03607953412040828,point_m2ae_sc_30_configurations
point_m2ae_encoder,C1A1v3,C1,A1,v3,"[512, 256, 64]","[16, 8, 8]","[0.32, 0.64, 1.28]",mean,1.5,PCA 32D,pca_features,ridge,ElasticNet (aggregated across 6 dimensions),0.021515233759643187,0.02623733553180578,-0.004722101772162598,32,True,0.01861372843500598,point_m2ae_sc_30_configurations
point_m2ae_encoder,C1A1v4,C1,A1,v4,"[512, 256, 64]","[16, 8, 8]","[0.32, 0.64, 1.28]",mean,1.75,Raw,raw_features,ridge,ElasticNet (aggregated across 6 dimensions),0.03538220584430877,0.05308483787071203,-0.017702632026403268,384,True,0.04360158799987186,point_m2ae_sc_30_configurations
point_m2ae_encoder,C1A1v4,C1,A1,v4,"[512, 256, 64]","[16, 8, 8]","[0.32, 0.64, 1.28]",mean,1.75,PCA 32D,pca_features,ridge,ElasticNet (aggregated across 6 dimensions),0.0010741351066094935,0.022893988410433126,-0.021819853303823633,32,True,0.02031776057897553,point_m2ae_sc_30_configurations
point_m2ae_encoder,C1A1v5,C1,A1,v5,"[512, 256, 64]","[16, 8, 8]","[0.32, 0.64, 1.28]",mean,2.0,Raw,raw_features,ridge,ElasticNet (aggregated across 6 dimensions),0.034860300400989384,0.0366411006789265,-0.0017808002779371144,384,True,0.034329142786302634,point_m2ae_sc_30_configurations
point_m2ae_encoder,C1A1v5,C1,A1,v5,"[512, 256, 64]","[16, 8, 8]","[0.32, 0.64, 1.28]",mean,2.0,PCA 32D,pca_features,ridge,ElasticNet (aggregated across 6 dimensions),0.012385294973367822,0.00939398908560299,0.0029913058877648322,32,True,0.017332176660783332,point_m2ae_sc_30_configurations
point_m2ae_encoder,C1A2v1,C1,A2,v1,"[512, 256, 64]","[16, 8, 8]","[0.32, 0.64, 1.28]",mean_std_min_max,1.0,Raw,raw_features,ridge,ElasticNet (aggregated across 6 dimensions),0.06676231380804404,0.12868357153771556,-0.061921257729671525,1536,True,0.06526841649283305,point_m2ae_sc_30_configurations
point_m2ae_encoder,C1A2v1,C1,A2,v1,"[512, 256, 64]","[16, 8, 8]","[0.32, 0.64, 1.28]",mean_std_min_max,1.0,PCA 32D,pca_features,ridge,ElasticNet (aggregated across 6 dimensions),0.040197560870605255,0.07103483878042521,-0.030837277909819955,32,True,0.04579785059538925,point_m2ae_sc_30_configurations
point_m2ae_encoder,C1A2v2,C1,A2,v2,"[512, 256, 64]","[16, 8, 8]","[0.32, 0.64, 1.28]",mean_std_min_max,1.25,Raw,raw_features,ridge,ElasticNet (aggregated across 6 dimensions),0.06726696453554552,0.07328904378027461,-0.00602207924472909,1536,True,0.03617019542136721,point_m2ae_sc_30_configurations
point_m2ae_encoder,C1A2v2,C1,A2,v2,"[512, 256, 64]","[16, 8, 8]","[0.32, 0.64, 1.28]",mean_std_min_max,1.25,PCA 32D,pca_features,ridge,ElasticNet (aggregated across 6 dimensions),0.018935878368376846,0.04208777702017824,-0.023151898651801384,32,True,0.02113185552320926,point_m2ae_sc_30_configurations
point_m2ae_encoder,C1A2v3,C1,A2,v3,"[512, 256, 64]","[16, 8, 8]","[0.32, 0.64, 1.28]",mean_std_min_max,1.5,Raw,raw_features,ridge,ElasticNet (aggregated across 6 dimensions),0.060915905067078335,0.09426255244998426,-0.03334664738290593,1536,True,0.055367957461196556,point_m2ae_sc_30_configurations
point_m2ae_encoder,C1A2v3,C1,A2,v3,"[512, 256, 64]","[16, 8, 8]","[0.32, 0.64, 1.28]",mean_std_min_max,1.5,PCA 32D,pca_features,ridge,ElasticNet (aggregated across 6 dimensions),0.028528478779912214,0.045295985411867364,-0.016767506631955153,32,True,0.023626726667557437,point_m2ae_sc_30_configurations
point_m2ae_encoder,C1A2v4,C1,A2,v4,"[512, 256, 64]","[16, 8, 8]","[0.32, 0.64, 1.28]",mean_std_min_max,1.75,Raw,raw_features,ridge,ElasticNet (aggregated across 6 dimensions),0.044843295267060636,0.05322844590335508,-0.008385150636294443,1536,True,0.03981216916442744,point_m2ae_sc_30_configurations
point_m2ae_encoder,C1A2v4,C1,A2,v4,"[512, 256, 64]","[16, 8, 8]","[0.32, 0.64, 1.28]",mean_std_min_max,1.75,PCA 32D,pca_features,ridge,ElasticNet (aggregated across 6 dimensions),0.01653975977886039,0.02460284562698331,-0.008063085848122924,32,True,0.022060120326595958,point_m2ae_sc_30_configurations
point_m2ae_encoder,C1A2v5,C1,A2,v5,"[512, 256, 64]","[16, 8, 8]","[0.32, 0.64, 1.28]",mean_std_min_max,2.0,Raw,raw_features,ridge,ElasticNet (aggregated across 6 dimensions),0.0584075296653526,0.031005508715264418,0.027402020950088184,1536,True,0.03941065023914799,point_m2ae_sc_30_configurations
point_m2ae_encoder,C1A2v5,C1,A2,v5,"[512, 256, 64]","[16, 8, 8]","[0.32, 0.64, 1.28]",mean_std_min_max,2.0,PCA 32D,pca_features,ridge,ElasticNet (aggregated across 6 dimensions),0.019144135294496174,0.004459695383433183,0.014684439911062991,32,True,0.020605675479867178,point_m2ae_sc_30_configurations
point_m2ae_encoder,C1A3v1,C1,A3,v1,"[512, 256, 64]","[16, 8, 8]","[0.32, 0.64, 1.28]",multi_level,1.0,Raw,raw_features,ridge,ElasticNet (aggregated across 6 dimensions),0.0747089416643172,0.11677808268652247,-0.04206914102220527,576,True,0.0535222753045296,point_m2ae_sc_30_configurations
point_m2ae_encoder,C1A3v1,C1,A3,v1,"[512, 256, 64]","[16, 8, 8]","[0.32, 0.64, 1.28]",multi_level,1.0,PCA 32D,pca_features,ridge,ElasticNet (aggregated across 6 dimensions),0.015565337410391789,0.05073500168908024,-0.035169664278688444,32,True,0.04034595798267009,point_m2ae_sc_30_configurations
point_m2ae_encoder,C1A3v2,C1,A3,v2,"[512, 256, 64]","[16, 8, 8]","[0.32, 0.64, 1.28]",multi_level,1.25,Raw,raw_features,ridge,ElasticNet (aggregated across 6 dimensions),0.05598795807330922,0.06755220085981394,-0.011564242786504718,576,True,0.04104420467547494,point_m2ae_sc_30_configurations
point_m2ae_encoder,C1A3v2,C1,A3,v2,"[512, 256, 64]","[16, 8, 8]","[0.32, 0.64, 1.28]",multi_level,1.25,PCA 32D,pca_features,ridge,ElasticNet (aggregated across 6 dimensions),0.007740264634759131,0.025388254213626376,-0.017647989578867245,32,True,0.03053169949310188,point_m2ae_sc_30_configurations
point_m2ae_encoder,C1A3v3,C1,A3,v3,"[512, 256, 64]","[16, 8, 8]","[0.32, 0.64, 1.28]",multi_level,1.5,Raw,raw_features,ridge,ElasticNet (aggregated across 6 dimensions),0.07231840787314675,0.06380612393353552,0.008512283939611237,576,True,0.03589278878518106,point_m2ae_sc_30_configurations
point_m2ae_encoder,C1A3v3,C1,A3,v3,"[512, 256, 64]","[16, 8, 8]","[0.32, 0.64, 1.28]",multi_level,1.5,PCA 32D,pca_features,ridge,ElasticNet (aggregated across 6 dimensions),0.023181712257591636,0.027732100607486373,-0.004550388349894734,32,True,0.018158313982379857,point_m2ae_sc_30_configurations
point_m2ae_encoder,C1A3v4,C1,A3,v4,"[512, 256, 64]","[16, 8, 8]","[0.32, 0.64, 1.28]",multi_level,1.75,Raw,raw_features,ridge,ElasticNet (aggregated across 6 dimensions),0.037196488875624135,0.05409181587599071,-0.016895327000366573,576,True,0.041496687004803474,point_m2ae_sc_30_configurations
point_m2ae_encoder,C1A3v4,C1,A3,v4,"[512, 256, 64]","[16, 8, 8]","[0.32, 0.64, 1.28]",multi_level,1.75,PCA 32D,pca_features,ridge,ElasticNet (aggregated across 6 dimensions),0.005207804719658704,0.018715290235507887,-0.013507485515849182,32,True,0.01725884059307119,point_m2ae_sc_30_configurations
point_m2ae_encoder,C1A3v5,C1,A3,v5,"[512, 256, 64]","[16, 8, 8]","[0.32, 0.64, 1.28]",multi_level,2.0,Raw,raw_features,ridge,ElasticNet (aggregated across 6 dimensions),0.03639829264458531,0.03711728628947906,-0.0007189936448937506,576,True,0.03242973345829514,point_m2ae_sc_30_configurations
point_m2ae_encoder,C1A3v5,C1,A3,v5,"[512, 256, 64]","[16, 8, 8]","[0.32, 0.64, 1.28]",multi_level,2.0,PCA 32D,pca_features,ridge,ElasticNet (aggregated across 6 dimensions),0.01148869545323091,0.011470563316448178,1.8132136782729225e-05,32,True,0.014638912408673498,point_m2ae_sc_30_configurations
point_m2ae_encoder,C2A1v1,C2,A1,v1,"[512, 256, 64]","[24, 16, 16]","[0.32, 0.64, 1.28]",mean,1.0,Raw,raw_features,ridge,ElasticNet (aggregated across 6 dimensions),0.11661243233764484,0.1463575026480658,-0.029745070310420948,384,True,0.06385980940808508,point_m2ae_sc_30_configurations
point_m2ae_encoder,C2A1v1,C2,A1,v1,"[512, 256, 64]","[24, 16, 16]","[0.32, 0.64, 1.28]",mean,1.0,PCA 32D,pca_features,ridge,ElasticNet (aggregated across 6 dimensions),0.01671017044846575,0.07262999205959235,-0.0559198216111266,32,True,0.03101403077292582,point_m2ae_sc_30_configurations
point_m2ae_encoder,C2A1v2,C2,A1,v2,"[512, 256, 64]","[24, 16, 16]","[0.32, 0.64, 1.28]",mean,1.25,Raw,raw_features,ridge,ElasticNet (aggregated across 6 dimensions),0.047338392964003995,0.09129063209276468,-0.043952239128760694,384,True,0.04644911840332591,point_m2ae_sc_30_configurations
point_m2ae_encoder,C2A1v2,C2,A1,v2,"[512, 256, 64]","[24, 16, 16]","[0.32, 0.64, 1.28]",mean,1.25,PCA 32D,pca_features,ridge,ElasticNet (aggregated across 6 dimensions),0.006645225299029889,0.04961910209635884,-0.042973876797328954,32,True,0.028718828963657766,point_m2ae_sc_30_configurations
point_m2ae_encoder,C2A1v3,C2,A1,v3,"[512, 256, 64]","[24, 16, 16]","[0.32, 0.64, 1.28]",mean,1.5,Raw,raw_features,ridge,ElasticNet (aggregated across 6 dimensions),0.062045107174732106,0.07995367602528382,-0.0179085688505517,384,True,0.034282860649286095,point_m2ae_sc_30_configurations
point_m2ae_encoder,C2A1v3,C2,A1,v3,"[512, 256, 64]","[24, 16, 16]","[0.32, 0.64, 1.28]",mean,1.5,PCA 32D,pca_features,ridge,ElasticNet (aggregated across 6 dimensions),0.014127898646895417,0.03638001883557241,-0.022252120188676994,32,True,0.017930141423403077,point_m2ae_sc_30_configurations
point_m2ae_encoder,C2A1v4,C2,A1,v4,"[512, 256, 64]","[24, 16, 16]","[0.32, 0.64, 1.28]",mean,1.75,Raw,raw_features,ridge,ElasticNet (aggregated across 6 dimensions),0.026191926553118933,0.05043488513846003,-0.02424295858534109,384,True,0.03301618034545328,point_m2ae_sc_30_configurations
point_m2ae_encoder,C2A1v4,C2,A1,v4,"[512, 256, 64]","[24, 16, 16]","[0.32, 0.64, 1.28]",mean,1.75,PCA 32D,pca_features,ridge,ElasticNet (aggregated across 6 dimensions),-0.009395462135798172,0.01677699733846791,-0.02617245947426608,32,True,0.017657384922072444,point_m2ae_sc_30_configurations
point_m2ae_encoder,C2A1v5,C2,A1,v5,"[512, 256, 64]","[24, 16, 16]","[0.32, 0.64, 1.28]",mean,2.0,Raw,raw_features,ridge,ElasticNet (aggregated across 6 dimensions),0.04111547641143204,0.04278902764912192,-0.0016735512376898794,384,True,0.040941725393220524,point_m2ae_sc_30_configurations
point_m2ae_encoder,C2A1v5,C2,A1,v5,"[512, 256, 64]","[24, 16, 16]","[0.32, 0.64, 1.28]",mean,2.0,PCA 32D,pca_features,ridge,ElasticNet (aggregated across 6 dimensions),-0.0029920124936683536,0.004166051859571537,-0.00715806435323989,32,True,0.01387371762480821,point_m2ae_sc_30_configurations
point_m2ae_encoder,C2A2v1,C2,A2,v1,"[512, 256, 64]","[24, 16, 16]","[0.32, 0.64, 1.28]",mean_std_min_max,1.0,Raw,raw_features,ridge,ElasticNet (aggregated across 6 dimensions),0.18135581123498143,0.1880341663449687,-0.006678355109987266,1536,True,0.08661337009943569,point_m2ae_sc_30_configurations
point_m2ae_encoder,C2A2v1,C2,A2,v1,"[512, 256, 64]","[24, 16, 16]","[0.32, 0.64, 1.28]",mean_std_min_max,1.0,PCA 32D,pca_features,ridge,ElasticNet (aggregated across 6 dimensions),0.07093518279112603,0.10740842734012035,-0.036473244548994345,32,True,0.05383736783382193,point_m2ae_sc_30_configurations
point_m2ae_encoder,C2A2v2,C2,A2,v2,"[512, 256, 64]","[24, 16, 16]","[0.32, 0.64, 1.28]",mean_std_min_max,1.25,Raw,raw_features,ridge,ElasticNet (aggregated across 6 dimensions),0.09645136247489318,0.1208472060678351,-0.02439584359294189,1536,True,0.06405010901211909,point_m2ae_sc_30_configurations
point_m2ae_encoder,C2A2v2,C2,A2,v2,"[512, 256, 64]","[24, 16, 16]","[0.32, 0.64, 1.28]",mean_std_min_max,1.25,PCA 32D,pca_features,ridge,ElasticNet (aggregated across 6 dimensions),0.05251760040635928,0.07867985103212354,-0.026162250625764244,32,True,0.05041888261563954,point_m2ae_sc_30_configurations
point_m2ae_encoder,C2A2v3,C2,A2,v3,"[512, 256, 64]","[24, 16, 16]","[0.32, 0.64, 1.28]",mean_std_min_max,1.5,Raw,raw_features,ridge,ElasticNet (aggregated across 6 dimensions),0.10000364646691438,0.12545494087925546,-0.02545129441234109,1536,True,0.053963177806022,point_m2ae_sc_30_configurations
point_m2ae_encoder,C2A2v3,C2,A2,v3,"[512, 256, 64]","[24, 16, 16]","[0.32, 0.64, 1.28]",mean_std_min_max,1.5,PCA 32D,pca_features,ridge,ElasticNet (aggregated across 6 dimensions),0.02518076161434078,0.06046968076002702,-0.03528891914568624,32,True,0.028064131511341597,point_m2ae_sc_30_configurations
point_m2ae_encoder,C2A2v4,C2,A2,v4,"[512, 256, 64]","[24, 16, 16]","[0.32, 0.64, 1.28]",mean_std_min_max,1.75,Raw,raw_features,ridge,ElasticNet (aggregated across 6 dimensions),0.03620285980421175,0.07242902813610085,-0.03622616833188911,1536,True,0.06266137669948241,point_m2ae_sc_30_configurations
point_m2ae_encoder,C2A2v4,C2,A2,v4,"[512, 256, 64]","[24, 16, 16]","[0.32, 0.64, 1.28]",mean_std_min_max,1.75,PCA 32D,pca_features,ridge,ElasticNet (aggregated across 6 dimensions),0.007905231981099955,0.037623620686708915,-0.029718388705608962,32,True,0.043430524433053896,point_m2ae_sc_30_configurations
point_m2ae_encoder,C2A2v5,C2,A2,v5,"[512, 256, 64]","[24, 16, 16]","[0.32, 0.64, 1.28]",mean_std_min_max,2.0,Raw,raw_features,ridge,ElasticNet (aggregated across 6 dimensions),0.043487125748224276,0.07455313938566448,-0.031066013637440184,1536,True,0.04682266404394566,point_m2ae_sc_30_configurations
point_m2ae_encoder,C2A2v5,C2,A2,v5,"[512, 256, 64]","[24, 16, 16]","[0.32, 0.64, 1.28]",mean_std_min_max,2.0,PCA 32D,pca_features,ridge,ElasticNet (aggregated across 6 dimensions),0.0023364814985836944,0.021050549104123673,-0.01871406760553998,32,True,0.037050710423709415,point_m2ae_sc_30_configurations
point_m2ae_encoder,C2A3v1,C2,A3,v1,"[512, 256, 64]","[24, 16, 16]","[0.32, 0.64, 1.28]",multi_level,1.0,Raw,raw_features,ridge,ElasticNet (aggregated across 6 dimensions),0.12914634480550552,0.15424097569430986,-0.025094630888804325,576,True,0.06505403089389011,point_m2ae_sc_30_configurations
point_m2ae_encoder,C2A3v1,C2,A3,v1,"[512, 256, 64]","[24, 16, 16]","[0.32, 0.64, 1.28]",multi_level,1.0,PCA 32D,pca_features,ridge,ElasticNet (aggregated across 6 dimensions),0.026728248552161864,0.07243886268675934,-0.045710614134597476,32,True,0.030498418079024384,point_m2ae_sc_30_configurations
point_m2ae_encoder,C2A3v2,C2,A3,v2,"[512, 256, 64]","[24, 16, 16]","[0.32, 0.64, 1.28]",multi_level,1.25,Raw,raw_features,ridge,ElasticNet (aggregated across 6 dimensions),0.05209607080858029,0.09607797617075742,-0.04398190536217714,576,True,0.04302480491681887,point_m2ae_sc_30_configurations
point_m2ae_encoder,C2A3v2,C2,A3,v2,"[512, 256, 64]","[24, 16, 16]","[0.32, 0.64, 1.28]",multi_level,1.25,PCA 32D,pca_features,ridge,ElasticNet (aggregated across 6 dimensions),0.004386189041566495,0.04961947113581444,-0.04523328209424795,32,True,0.02918689820073641,point_m2ae_sc_30_configurations
point_m2ae_encoder,C2A3v3,C2,A3,v3,"[512, 256, 64]","[24, 16, 16]","[0.32, 0.64, 1.28]",multi_level,1.5,Raw,raw_features,ridge,ElasticNet (aggregated across 6 dimensions),0.05596400006921198,0.08162836485592713,-0.025664364786715146,576,True,0.034282598352108146,point_m2ae_sc_30_configurations
point_m2ae_encoder,C2A3v3,C2,A3,v3,"[512, 256, 64]","[24, 16, 16]","[0.32, 0.64, 1.28]",multi_level,1.5,PCA 32D,pca_features,ridge,ElasticNet (aggregated across 6 dimensions),0.012628926332044562,0.03669345255703261,-0.024064526224988055,32,True,0.016923624513888933,point_m2ae_sc_30_configurations
point_m2ae_encoder,C2A3v4,C2,A3,v4,"[512, 256, 64]","[24, 16, 16]","[0.32, 0.64, 1.28]",multi_level,1.75,Raw,raw_features,ridge,ElasticNet (aggregated across 6 dimensions),0.026271601718451998,0.05215607376834173,-0.025884472049889723,576,True,0.03201856503854056,point_m2ae_sc_30_configurations
point_m2ae_encoder,C2A3v4,C2,A3,v4,"[512, 256, 64]","[24, 16, 16]","[0.32, 0.64, 1.28]",multi_level,1.75,PCA 32D,pca_features,ridge,ElasticNet (aggregated across 6 dimensions),-0.0018156892931709783,0.016378549924844745,-0.018194239218015724,32,True,0.017687855581125296,point_m2ae_sc_30_configurations
point_m2ae_encoder,C2A3v5,C2,A3,v5,"[512, 256, 64]","[24, 16, 16]","[0.32, 0.64, 1.28]",multi_level,2.0,Raw,raw_features,ridge,ElasticNet (aggregated across 6 dimensions),0.04103560969820467,0.044840441644002194,-0.003804831945797524,576,True,0.03741237227581934,point_m2ae_sc_30_configurations
point_m2ae_encoder,C2A3v5,C2,A3,v5,"[512, 256, 64]","[24, 16, 16]","[0.32, 0.64, 1.28]",multi_level,2.0,PCA 32D,pca_features,ridge,ElasticNet (aggregated across 6 dimensions),-0.007504217089896385,0.006451414167653679,-0.013955631257550062,32,True,0.014759950108558607,point_m2ae_sc_30_configurations
