model,config_name,config,aggregation,preprocessing,num_groups,group_sizes,local_radius,aggregation_name,scale_factor,mode,classifier,best_params,test_roc_auc,cv_roc_auc,overfitting_gap,feature_dim,convergence_ok,cv_stability,strategy
point_m2ae_encoder,C1A1v1,C1,A1,v1,"[512, 256, 64]","[16, 8, 8]","[0.32, 0.64, 1.28]",mean,1.5,raw_features,logistic,"{'C': 0.1, 'l1_ratio': 0.0}",0.6151030649011738,0.5866513803715777,0.3177612701698973,384,False,0.036451093980185825,point_m2ae_full_configurations
point_m2ae_encoder,C1A1v2,C1,A1,v2,"[512, 256, 64]","[16, 8, 8]","[0.32, 0.64, 1.28]",mean,2.0,raw_features,logistic,"{'C': 0.1, 'l1_ratio': 0.1}",0.6012464203539878,0.5790401901852389,0.2630759493202911,384,False,0.028481681805448248,point_m2ae_full_configurations
point_m2ae_encoder,C1A1v3,C1,A1,v3,"[512, 256, 64]","[16, 8, 8]","[0.32, 0.64, 1.28]",mean,2.5,raw_features,logistic,"{'C': 0.1, 'l1_ratio': 0.1}",0.5724914368006668,0.5564887661098579,0.24610881479122926,384,False,0.04291833077437364,point_m2ae_full_configurations
point_m2ae_encoder,C1A1v4,C1,A1,v4,"[512, 256, 64]","[16, 8, 8]","[0.32, 0.64, 1.28]",mean,3.0,raw_features,logistic,"{'C': 0.1, 'l1_ratio': 0.1}",0.5646165371705105,0.5539785884481252,0.22524398779321575,384,False,0.044851402739929956,point_m2ae_full_configurations
point_m2ae_encoder,C1A2v1,C1,A2,v1,"[512, 256, 64]","[16, 8, 8]","[0.32, 0.64, 1.28]",mean_std_min_max,1.5,raw_features,logistic,"{'C': 0.1, 'l1_ratio': 1.0}",0.6205601093872485,0.5718126385317758,0.3539876413288413,1536,False,0.04497775651520697,point_m2ae_full_configurations
point_m2ae_encoder,C1A2v2,C1,A2,v2,"[512, 256, 64]","[16, 8, 8]","[0.32, 0.64, 1.28]",mean_std_min_max,2.0,raw_features,logistic,"{'C': 0.001, 'l1_ratio': 0.0}",0.6016061854980823,0.5830031774259508,0.38391430620895406,1536,False,0.024665351406934766,point_m2ae_full_configurations
point_m2ae_encoder,C1A2v3,C1,A2,v3,"[512, 256, 64]","[16, 8, 8]","[0.32, 0.64, 1.28]",mean_std_min_max,2.5,raw_features,logistic,"{'C': 1.0, 'l1_ratio': 1.0}",0.5673906099723157,0.5350076427950661,0.4649923572049339,1536,False,0.01286497449514971,point_m2ae_full_configurations
point_m2ae_encoder,C1A2v4,C1,A2,v4,"[512, 256, 64]","[16, 8, 8]","[0.32, 0.64, 1.28]",mean_std_min_max,3.0,raw_features,logistic,"{'C': 0.01, 'l1_ratio': 0.1}",0.5444744376112485,0.5515638168474511,0.22503266520745357,1536,False,0.02700049823819566,point_m2ae_full_configurations
point_m2ae_encoder,C1A3v1,C1,A3,v1,"[512, 256, 64]","[16, 8, 8]","[0.32, 0.64, 1.28]",multi_level,1.5,raw_features,logistic,"{'C': 0.1, 'l1_ratio': 0.0}",0.6166984372161216,0.5859260441598104,0.3319089339074023,576,False,0.038132755373130975,point_m2ae_full_configurations
point_m2ae_encoder,C1A3v2,C1,A3,v2,"[512, 256, 64]","[16, 8, 8]","[0.32, 0.64, 1.28]",multi_level,2.0,raw_features,logistic,"{'C': 0.1, 'l1_ratio': 0.1}",0.6007945059262675,0.5798087406478006,0.2646509581521058,576,False,0.028391972528685236,point_m2ae_full_configurations
point_m2ae_encoder,C1A3v3,C1,A3,v3,"[512, 256, 64]","[16, 8, 8]","[0.32, 0.64, 1.28]",multi_level,2.5,raw_features,logistic,"{'C': 0.1, 'l1_ratio': 0.0}",0.5686022979135777,0.5539574154392921,0.32474840101878544,576,False,0.0431450675296063,point_m2ae_full_configurations
point_m2ae_encoder,C1A3v4,C1,A3,v4,"[512, 256, 64]","[16, 8, 8]","[0.32, 0.64, 1.28]",multi_level,3.0,raw_features,logistic,"{'C': 0.1, 'l1_ratio': 0.2}",0.5532573150876203,0.5527104762605111,0.1710962455954097,576,False,0.037015876160069,point_m2ae_full_configurations
point_m2ae_encoder,C1A4v1,C1,A4,v1,"[512, 256, 64]","[16, 8, 8]","[0.32, 0.64, 1.28]",adaptive,1.5,raw_features,logistic,"{'C': 0.1, 'l1_ratio': 0.0}",0.6167137051051406,0.5861258387474436,0.31778313472860087,384,False,0.037886415661059034,point_m2ae_full_configurations
point_m2ae_encoder,C1A4v2,C1,A4,v2,"[512, 256, 64]","[16, 8, 8]","[0.32, 0.64, 1.28]",adaptive,2.0,raw_features,logistic,"{'C': 0.1, 'l1_ratio': 0.1}",0.6013784138451941,0.5765364113959228,0.26587534123776757,384,False,0.028032199800568588,point_m2ae_full_configurations
point_m2ae_encoder,C1A4v3,C1,A4,v3,"[512, 256, 64]","[16, 8, 8]","[0.32, 0.64, 1.28]",adaptive,2.5,raw_features,logistic,"{'C': 1.0, 'l1_ratio': 1.0}",0.5724018563180275,0.5549701281785132,0.3355416086007985,384,False,0.04727651008842233,point_m2ae_full_configurations
point_m2ae_encoder,C1A4v4,C1,A4,v4,"[512, 256, 64]","[16, 8, 8]","[0.32, 0.64, 1.28]",adaptive,3.0,raw_features,logistic,"{'C': 0.1, 'l1_ratio': 0.1}",0.5667540753809289,0.5540397264991415,0.2258780095486037,384,False,0.046464568810887515,point_m2ae_full_configurations
point_m2ae_encoder,C1A5v1,C1,A5,v1,"[512, 256, 64]","[16, 8, 8]","[0.32, 0.64, 1.28]",attention,1.5,raw_features,logistic,"{'C': 0.1, 'l1_ratio': 0.0}",0.5506891612638469,0.5640696931501444,0.36740039495588506,384,False,0.021569522179670245,point_m2ae_full_configurations
point_m2ae_encoder,C1A5v2,C1,A5,v2,"[512, 256, 64]","[16, 8, 8]","[0.32, 0.64, 1.28]",attention,2.0,raw_features,logistic,"{'C': 0.1, 'l1_ratio': 0.2}",0.5933404906401945,0.5671605152585444,0.26776768675467355,384,False,0.006737517327271969,point_m2ae_full_configurations
point_m2ae_encoder,C1A5v3,C1,A5,v3,"[512, 256, 64]","[16, 8, 8]","[0.32, 0.64, 1.28]",attention,2.5,raw_features,logistic,"{'C': 0.1, 'l1_ratio': 0.0}",0.5478169221492105,0.5321356715049586,0.36838318561704875,384,False,0.03919846604094637,point_m2ae_full_configurations
point_m2ae_encoder,C1A5v4,C1,A5,v4,"[512, 256, 64]","[16, 8, 8]","[0.32, 0.64, 1.28]",attention,3.0,raw_features,logistic,"{'C': 0.01, 'l1_ratio': 0.1}",0.5527540524324441,0.5376643642927567,0.01786408389319083,384,False,0.00952124325249053,point_m2ae_full_configurations
point_m2ae_encoder,C2A1v1,C2,A1,v1,"[256, 128, 32]","[16, 8, 8]","[0.32, 0.64, 1.28]",mean,1.5,raw_features,logistic,"{'C': 0.1, 'l1_ratio': 0.1}",0.5711323782952118,0.5744956350365031,0.3140712117535681,384,False,0.020008345205040648,point_m2ae_full_configurations
point_m2ae_encoder,C2A1v2,C2,A1,v2,"[256, 128, 32]","[16, 8, 8]","[0.32, 0.64, 1.28]",mean,2.0,raw_features,logistic,"{'C': 1.0, 'l1_ratio': 0.4}",0.5826161078194461,0.5529639935536645,0.4322371759835798,384,False,0.03740347156930637,point_m2ae_full_configurations
point_m2ae_encoder,C2A1v3,C2,A1,v3,"[256, 128, 32]","[16, 8, 8]","[0.32, 0.64, 1.28]",mean,2.5,raw_features,logistic,"{'C': 0.1, 'l1_ratio': 0.7}",0.5377580275229359,0.5683088864460905,0.04428382752301985,384,False,0.029319304576504793,point_m2ae_full_configurations
point_m2ae_encoder,C2A1v4,C2,A1,v4,"[256, 128, 32]","[16, 8, 8]","[0.32, 0.64, 1.28]",mean,3.0,raw_features,logistic,"{'C': 0.01, 'l1_ratio': 0.0}",0.5445563692606554,0.5374327716241836,0.2193738212605265,384,False,0.01842990585425993,point_m2ae_full_configurations
point_m2ae_encoder,C2A2v1,C2,A2,v1,"[256, 128, 32]","[16, 8, 8]","[0.32, 0.64, 1.28]",mean_std_min_max,1.5,raw_features,logistic,"{'C': 1.0, 'l1_ratio': 0.0}",0.6047729930319189,0.5582444572341465,0.4417555427658535,1536,False,0.018433082585201148,point_m2ae_full_configurations
point_m2ae_encoder,C2A2v2,C2,A2,v2,"[256, 128, 32]","[16, 8, 8]","[0.32, 0.64, 1.28]",mean_std_min_max,2.0,raw_features,logistic,"{'C': 0.01, 'l1_ratio': 0.0}",0.5848174392444818,0.5325654017942807,0.4673642933089951,1536,False,0.022433908897453694,point_m2ae_full_configurations
point_m2ae_encoder,C2A2v3,C2,A2,v3,"[256, 128, 32]","[16, 8, 8]","[0.32, 0.64, 1.28]",mean_std_min_max,2.5,raw_features,logistic,"{'C': 0.01, 'l1_ratio': 0.5}",0.47368513817211266,0.5513555707406479,0.00048314935303084283,1536,False,0.04575354597365978,point_m2ae_full_configurations
point_m2ae_encoder,C2A2v4,C2,A2,v4,"[256, 128, 32]","[16, 8, 8]","[0.32, 0.64, 1.28]",mean_std_min_max,3.0,raw_features,logistic,"{'C': 0.1, 'l1_ratio': 0.4}",0.487812871622523,0.535320745601249,0.4551163851874225,1536,False,0.03890432608930623,point_m2ae_full_configurations
point_m2ae_encoder,C2A3v1,C2,A3,v1,"[256, 128, 32]","[16, 8, 8]","[0.32, 0.64, 1.28]",multi_level,1.5,raw_features,logistic,"{'C': 0.1, 'l1_ratio': 0.0}",0.5753562970642456,0.5733875383826922,0.3724495684522189,576,False,0.02626125204711921,point_m2ae_full_configurations
point_m2ae_encoder,C2A3v2,C2,A3,v2,"[256, 128, 32]","[16, 8, 8]","[0.32, 0.64, 1.28]",multi_level,2.0,raw_features,logistic,"{'C': 1.0, 'l1_ratio': 0.6}",0.5787334624006942,0.5571039366130238,0.4248047324113232,576,False,0.035551976428549965,point_m2ae_full_configurations
point_m2ae_encoder,C2A3v3,C2,A3,v3,"[256, 128, 32]","[16, 8, 8]","[0.32, 0.64, 1.28]",multi_level,2.5,raw_features,logistic,"{'C': 0.1, 'l1_ratio': 0.7}",0.5379017056838553,0.5685026232373379,0.044081614032351,576,False,0.02922544838021543,point_m2ae_full_configurations
point_m2ae_encoder,C2A3v4,C2,A3,v4,"[256, 128, 32]","[16, 8, 8]","[0.32, 0.64, 1.28]",multi_level,3.0,raw_features,logistic,"{'C': 0.01, 'l1_ratio': 0.0}",0.547733853001376,0.5379121118251857,0.22730840149230047,576,False,0.020214634046947132,point_m2ae_full_configurations
point_m2ae_encoder,C2A4v1,C2,A4,v1,"[256, 128, 32]","[16, 8, 8]","[0.32, 0.64, 1.28]",adaptive,1.5,raw_features,logistic,"{'C': 1.0, 'l1_ratio': 1.0}",0.583962383860021,0.5741060381037384,0.38485749095488375,384,False,0.0189453577298042,point_m2ae_full_configurations
point_m2ae_encoder,C2A4v2,C2,A4,v2,"[256, 128, 32]","[16, 8, 8]","[0.32, 0.64, 1.28]",adaptive,2.0,raw_features,logistic,"{'C': 1.0, 'l1_ratio': 0.6}",0.5823875083535661,0.5543438882915928,0.4215973769169459,384,False,0.03795918184804446,point_m2ae_full_configurations
point_m2ae_encoder,C2A4v3,C2,A4,v3,"[256, 128, 32]","[16, 8, 8]","[0.32, 0.64, 1.28]",adaptive,2.5,raw_features,logistic,"{'C': 0.1, 'l1_ratio': 0.6}",0.5279216895262162,0.5673564031658017,0.05875500012734791,384,False,0.029710504467986287,point_m2ae_full_configurations
point_m2ae_encoder,C2A4v4,C2,A4,v4,"[256, 128, 32]","[16, 8, 8]","[0.32, 0.64, 1.28]",adaptive,3.0,raw_features,logistic,"{'C': 0.01, 'l1_ratio': 0.0}",0.5419911514930331,0.535503858015683,0.22212653523266823,384,False,0.019070085909860764,point_m2ae_full_configurations
point_m2ae_encoder,C2A5v1,C2,A5,v1,"[256, 128, 32]","[16, 8, 8]","[0.32, 0.64, 1.28]",attention,1.5,raw_features,logistic,"{'C': 0.1, 'l1_ratio': 0.1}",0.5945653124201964,0.5678072457337251,0.3411674983572601,384,False,0.02863581004207202,point_m2ae_full_configurations
point_m2ae_encoder,C2A5v2,C2,A5,v2,"[256, 128, 32]","[16, 8, 8]","[0.32, 0.64, 1.28]",attention,2.0,raw_features,logistic,"{'C': 1.0, 'l1_ratio': 0.8}",0.5144940029812384,0.5508368616017209,0.4321246067762953,384,False,0.03516512985997177,point_m2ae_full_configurations
point_m2ae_encoder,C2A5v3,C2,A5,v3,"[256, 128, 32]","[16, 8, 8]","[0.32, 0.64, 1.28]",attention,2.5,raw_features,logistic,"{'C': 1.0, 'l1_ratio': 0.3}",0.4889651753963021,0.5484573053511916,0.4406316892823581,384,False,0.012675824029581622,point_m2ae_full_configurations
point_m2ae_encoder,C2A5v4,C2,A5,v4,"[256, 128, 32]","[16, 8, 8]","[0.32, 0.64, 1.28]",attention,3.0,raw_features,logistic,"{'C': 0.1, 'l1_ratio': 0.2}",0.47200300331347533,0.538641071087052,0.2607107848932074,384,False,0.02874463037679785,point_m2ae_full_configurations
point_m2ae_encoder,C3A1v1,C3,A1,v1,"[512, 256, 64]","[24, 16, 16]","[0.32, 0.64, 1.28]",mean,1.5,raw_features,logistic,"{'C': 1.0, 'l1_ratio': 0.0}",0.6137880611341285,0.6018294702947745,0.39274907490231203,384,False,0.0289275999641661,point_m2ae_full_configurations
point_m2ae_encoder,C3A1v2,C3,A1,v2,"[512, 256, 64]","[24, 16, 16]","[0.32, 0.64, 1.28]",mean,2.0,raw_features,logistic,"{'C': 0.1, 'l1_ratio': 0.0}",0.6537344252047735,0.5799941168237189,0.3210367589607359,384,False,0.0209647386478036,point_m2ae_full_configurations
point_m2ae_encoder,C3A1v3,C3,A1,v3,"[512, 256, 64]","[24, 16, 16]","[0.32, 0.64, 1.28]",mean,2.5,raw_features,logistic,"{'C': 1.0, 'l1_ratio': 1.0}",0.5433384776848617,0.5677932719468883,0.3429261131270218,384,False,0.04760396830970077,point_m2ae_full_configurations
point_m2ae_encoder,C3A1v4,C3,A1,v4,"[512, 256, 64]","[24, 16, 16]","[0.32, 0.64, 1.28]",mean,3.0,raw_features,logistic,"{'C': 0.01, 'l1_ratio': 0.0}",0.5731107759097128,0.5851228519365043,0.16047765374803424,384,False,0.03434073485701244,point_m2ae_full_configurations
point_m2ae_encoder,C3A2v1,C3,A2,v1,"[512, 256, 64]","[24, 16, 16]","[0.32, 0.64, 1.28]",mean_std_min_max,1.5,raw_features,logistic,"{'C': 0.01, 'l1_ratio': 0.0}",0.6451700625659867,0.6051604322311259,0.39480907614962124,1536,False,0.03874124809728173,point_m2ae_full_configurations
point_m2ae_encoder,C3A2v2,C3,A2,v2,"[512, 256, 64]","[24, 16, 16]","[0.32, 0.64, 1.28]",mean_std_min_max,2.0,raw_features,logistic,"{'C': 0.001, 'l1_ratio': 0.0}",0.5851596555472127,0.5823885124652233,0.3682717204113597,1536,False,0.03619847006684952,point_m2ae_full_configurations
point_m2ae_encoder,C3A2v3,C3,A2,v3,"[512, 256, 64]","[24, 16, 16]","[0.32, 0.64, 1.28]",mean_std_min_max,2.5,raw_features,logistic,"{'C': 0.01, 'l1_ratio': 0.7}",0.5218897795389085,0.5412866256315813,-0.030890109063996696,1536,False,0.0471751364029683,point_m2ae_full_configurations
point_m2ae_encoder,C3A2v4,C3,A2,v4,"[512, 256, 64]","[24, 16, 16]","[0.32, 0.64, 1.28]",mean_std_min_max,3.0,raw_features,logistic,"{'C': 0.1, 'l1_ratio': 0.8}",0.5996465079711443,0.6001220550660457,0.25972686536853595,1536,False,0.01992414039695996,point_m2ae_full_configurations
point_m2ae_encoder,C3A3v1,C3,A3,v1,"[512, 256, 64]","[24, 16, 16]","[0.32, 0.64, 1.28]",multi_level,1.5,raw_features,logistic,"{'C': 1.0, 'l1_ratio': 0.0}",0.5977869978013923,0.6087481614309184,0.389879275142774,576,False,0.041448918280114364,point_m2ae_full_configurations
point_m2ae_encoder,C3A3v2,C3,A3,v2,"[512, 256, 64]","[24, 16, 16]","[0.32, 0.64, 1.28]",multi_level,2.0,raw_features,logistic,"{'C': 0.1, 'l1_ratio': 0.1}",0.6654152873753795,0.578285920804862,0.2761389065605342,576,False,0.020192388353996338,point_m2ae_full_configurations
point_m2ae_encoder,C3A3v3,C3,A3,v3,"[512, 256, 64]","[24, 16, 16]","[0.32, 0.64, 1.28]",multi_level,2.5,raw_features,logistic,"{'C': 1.0, 'l1_ratio': 1.0}",0.5426126226671952,0.5705628886110106,0.346790520575043,576,False,0.048770616761619895,point_m2ae_full_configurations
point_m2ae_encoder,C3A3v4,C3,A3,v4,"[512, 256, 64]","[24, 16, 16]","[0.32, 0.64, 1.28]",multi_level,3.0,raw_features,logistic,"{'C': 0.01, 'l1_ratio': 0.0}",0.5714233218066826,0.5847709871149087,0.16746135833995435,576,False,0.035324461768056356,point_m2ae_full_configurations
point_m2ae_encoder,C3A4v1,C3,A4,v1,"[512, 256, 64]","[24, 16, 16]","[0.32, 0.64, 1.28]",adaptive,1.5,raw_features,logistic,"{'C': 1.0, 'l1_ratio': 0.1}",0.6112518426283432,0.6018730231779369,0.39132978719542244,384,False,0.030046794648356023,point_m2ae_full_configurations
point_m2ae_encoder,C3A4v2,C3,A4,v2,"[512, 256, 64]","[24, 16, 16]","[0.32, 0.64, 1.28]",adaptive,2.0,raw_features,logistic,"{'C': 0.1, 'l1_ratio': 0.1}",0.6629739437820882,0.5821187221041383,0.2702065705242639,384,False,0.018212483899553947,point_m2ae_full_configurations
point_m2ae_encoder,C3A4v3,C3,A4,v3,"[512, 256, 64]","[24, 16, 16]","[0.32, 0.64, 1.28]",adaptive,2.5,raw_features,logistic,"{'C': 1.0, 'l1_ratio': 1.0}",0.5471657489654919,0.566117882114155,0.34526639731920283,384,False,0.04884058023933397,point_m2ae_full_configurations
point_m2ae_encoder,C3A4v4,C3,A4,v4,"[512, 256, 64]","[24, 16, 16]","[0.32, 0.64, 1.28]",adaptive,3.0,raw_features,logistic,"{'C': 0.01, 'l1_ratio': 0.0}",0.5720742031714331,0.5836292147271734,0.16117784423634773,384,False,0.03483986943486124,point_m2ae_full_configurations
point_m2ae_encoder,C3A5v1,C3,A5,v1,"[512, 256, 64]","[24, 16, 16]","[0.32, 0.64, 1.28]",attention,1.5,raw_features,logistic,"{'C': 1.0, 'l1_ratio': 1.0}",0.5969102386293037,0.58573728996915,0.387188575869887,384,False,0.020871345237672537,point_m2ae_full_configurations
point_m2ae_encoder,C3A5v2,C3,A5,v2,"[512, 256, 64]","[24, 16, 16]","[0.32, 0.64, 1.28]",attention,2.0,raw_features,logistic,"{'C': 0.1, 'l1_ratio': 0.1}",0.6174572856436821,0.5997598059985108,0.2850661821478353,384,False,0.03863820926791338,point_m2ae_full_configurations
point_m2ae_encoder,C3A5v3,C3,A5,v3,"[512, 256, 64]","[24, 16, 16]","[0.32, 0.64, 1.28]",attention,2.5,raw_features,logistic,"{'C': 0.1, 'l1_ratio': 0.0}",0.5156449211112085,0.5365751694615092,0.368368693299292,384,False,0.032551921775583685,point_m2ae_full_configurations
point_m2ae_encoder,C3A5v4,C3,A5,v4,"[512, 256, 64]","[24, 16, 16]","[0.32, 0.64, 1.28]",attention,3.0,raw_features,logistic,"{'C': 0.1, 'l1_ratio': 0.4}",0.5599977257972097,0.5694986334637111,0.11327638683816943,384,False,0.046891122013797484,point_m2ae_full_configurations
point_m2ae_encoder,C4A1v1,C4,A1,v1,"[512, 256, 64]","[16, 8, 8]","[0.1, 0.2, 0.4]",mean,1.5,raw_features,logistic,"{'C': 0.1, 'l1_ratio': 0.0}",0.5958490736911581,0.58178671872148,0.2676677609670923,384,False,0.0527619732868012,point_m2ae_full_configurations
point_m2ae_encoder,C4A1v2,C4,A1,v2,"[512, 256, 64]","[16, 8, 8]","[0.1, 0.2, 0.4]",mean,2.0,raw_features,logistic,"{'C': 0.1, 'l1_ratio': 0.0}",0.5554849181604622,0.5683650438691161,0.27102616863930273,384,False,0.052916008555246336,point_m2ae_full_configurations
point_m2ae_encoder,C4A1v3,C4,A1,v3,"[512, 256, 64]","[16, 8, 8]","[0.1, 0.2, 0.4]",mean,2.5,raw_features,logistic,"{'C': 10.0, 'l1_ratio': 0.8}",0.5309365010659532,0.5206673087096436,0.4737555455003567,384,False,0.026724964654925472,point_m2ae_full_configurations
point_m2ae_encoder,C4A1v4,C4,A1,v4,"[512, 256, 64]","[16, 8, 8]","[0.1, 0.2, 0.4]",mean,3.0,raw_features,logistic,"{'C': 0.1, 'l1_ratio': 0.3}",0.5686852578774446,0.557499423767812,0.07060857579298274,384,False,0.035139710740510144,point_m2ae_full_configurations
point_m2ae_encoder,C4A2v1,C4,A2,v1,"[512, 256, 64]","[16, 8, 8]","[0.1, 0.2, 0.4]",mean_std_min_max,1.5,raw_features,logistic,"{'C': 0.01, 'l1_ratio': 0.0}",0.618821247501871,0.5919416945795248,0.40780547516043963,1536,False,0.03682037300268827,point_m2ae_full_configurations
point_m2ae_encoder,C4A2v2,C4,A2,v2,"[512, 256, 64]","[16, 8, 8]","[0.1, 0.2, 0.4]",mean_std_min_max,2.0,raw_features,logistic,"{'C': 0.01, 'l1_ratio': 0.7}",0.5389304271022717,0.5582642120079738,-0.019081216078023933,1536,False,0.03473793148866557,point_m2ae_full_configurations
point_m2ae_encoder,C4A2v3,C4,A2,v3,"[512, 256, 64]","[16, 8, 8]","[0.1, 0.2, 0.4]",mean_std_min_max,2.5,raw_features,logistic,"{'C': 0.1, 'l1_ratio': 0.1}",0.5449512658352487,0.5625493131734083,0.4374506868265917,1536,False,0.020599092587748478,point_m2ae_full_configurations
point_m2ae_encoder,C4A2v4,C4,A2,v4,"[512, 256, 64]","[16, 8, 8]","[0.1, 0.2, 0.4]",mean_std_min_max,3.0,raw_features,logistic,"{'C': 0.01, 'l1_ratio': 0.0}",0.5988561788279343,0.5920951551901974,0.4048933682425555,1536,False,0.021962722478948808,point_m2ae_full_configurations
point_m2ae_encoder,C4A3v1,C4,A3,v1,"[512, 256, 64]","[16, 8, 8]","[0.1, 0.2, 0.4]",multi_level,1.5,raw_features,logistic,"{'C': 0.1, 'l1_ratio': 0.1}",0.5724021540924852,0.5781763756117299,0.206480652703944,576,False,0.0572125852320074,point_m2ae_full_configurations
point_m2ae_encoder,C4A3v2,C4,A3,v2,"[512, 256, 64]","[16, 8, 8]","[0.1, 0.2, 0.4]",multi_level,2.0,raw_features,logistic,"{'C': 0.1, 'l1_ratio': 0.0}",0.5540161198415936,0.5676768337091076,0.2903342656052512,576,False,0.056335528198336884,point_m2ae_full_configurations
point_m2ae_encoder,C4A3v3,C4,A3,v3,"[512, 256, 64]","[16, 8, 8]","[0.1, 0.2, 0.4]",multi_level,2.5,raw_features,logistic,"{'C': 10.0, 'l1_ratio': 0.8}",0.5397920097028417,0.5111583490566967,0.4868944079582178,576,False,0.03365286642940755,point_m2ae_full_configurations
point_m2ae_encoder,C4A3v4,C4,A3,v4,"[512, 256, 64]","[16, 8, 8]","[0.1, 0.2, 0.4]",multi_level,3.0,raw_features,logistic,"{'C': 0.1, 'l1_ratio': 0.3}",0.567614595919267,0.5549143463166503,0.07477559267118294,576,False,0.037342896454377654,point_m2ae_full_configurations
point_m2ae_encoder,C4A4v1,C4,A4,v1,"[512, 256, 64]","[16, 8, 8]","[0.1, 0.2, 0.4]",adaptive,1.5,raw_features,logistic,"{'C': 0.1, 'l1_ratio': 0.0}",0.5967512866238761,0.57902885713886,0.2709473682241794,384,False,0.04988082950798555,point_m2ae_full_configurations
point_m2ae_encoder,C4A4v2,C4,A4,v2,"[512, 256, 64]","[16, 8, 8]","[0.1, 0.2, 0.4]",adaptive,2.0,raw_features,logistic,"{'C': 0.1, 'l1_ratio': 0.0}",0.5497578140782046,0.567190376101286,0.272135194544458,384,False,0.051713649808839725,point_m2ae_full_configurations
point_m2ae_encoder,C4A4v3,C4,A4,v3,"[512, 256, 64]","[16, 8, 8]","[0.1, 0.2, 0.4]",adaptive,2.5,raw_features,logistic,"{'C': 10.0, 'l1_ratio': 0.8}",0.5328061435079133,0.514064528379648,0.48036862510474654,384,False,0.028228205089010642,point_m2ae_full_configurations
point_m2ae_encoder,C4A4v4,C4,A4,v4,"[512, 256, 64]","[16, 8, 8]","[0.1, 0.2, 0.4]",adaptive,3.0,raw_features,logistic,"{'C': 0.1, 'l1_ratio': 0.3}",0.5650983957976797,0.5530756014936477,0.07125072439173952,384,False,0.03256629125108244,point_m2ae_full_configurations
point_m2ae_encoder,C4A5v1,C4,A5,v1,"[512, 256, 64]","[16, 8, 8]","[0.1, 0.2, 0.4]",attention,1.5,raw_features,logistic,"{'C': 10.0, 'l1_ratio': 1.0}",0.5751671348475205,0.5034906762605319,0.49531052931755803,384,False,0.015630103871100667,point_m2ae_full_configurations
